path,locale,category,width,height,bytes,sha256,authentic_ui_or_registered_evidence,ad_scan,automated_status
final/common/icon/app-icon-512.png,common,icon,512,512,257306,67ba8d25e22af19b85fa2406e2eb96699132051bbfd7c26635b3f0fb102188b9,REGISTERED_ICON,NOT_APPLICABLE_REGISTERED_INPUTS,PASS
final/en/feature-graphic/feature-graphic-1024x500.png,en,feature-graphic,1024,500,440908,173c28ea08bb4e7111c2df56e853c162c58da4a4d52c0d1721238b2ada7d4857,REGISTERED_REAL_BEFORE_AFTER_AND_LOCALIZED_UI,NOT_APPLICABLE_REGISTERED_INPUTS,PASS
final/en/all-features-3840x2160.png,en,common-sheet,3840,2160,4072781,aa978550d1141a70fbe490911e45dfb03740096a5474d686684445c53e4dc89c,LOCALIZED_ALL_FEATURES_OVERVIEW_FROM_AUTHENTIC_CAPTURES,PASS,PASS
final/en/phone/background.png,en,phone,2160,3840,4296087,17eb1a6895dee6f7d8f9bd89fc76428f69406f97e89fbbc629e46273f67e621a,AUTHENTIC_PRODUCTION_COMPOSABLE_CAPTURE,PASS,PASS
final/en/phone/batch.png,en,phone,2160,3840,431752,772795dd59d4751bbf1e3504ecf3f77db444f5aad55d60e9d6e5105660bdfcd6,AUTHENTIC_PRODUCTION_COMPOSABLE_CAPTURE,PASS,PASS
final/en/phone/editor.png,en,phone,2160,3840,7021183,15074a02adc5ae2d456e48d50608999ef9501585fc076f4f8450e0ddd67bd319,AUTHENTIC_PRODUCTION_COMPOSABLE_CAPTURE,PASS,PASS
final/en/phone/history.png,en,phone,2160,3840,1928332,303264b725727eda37fe515775ba108dec0052524ca11a0841ff0b81ffb990b6,AUTHENTIC_PRODUCTION_COMPOSABLE_CAPTURE,PASS,PASS
final/en/phone/home.png,en,phone,2160,3840,1035122,2be00d7f7ab18ef1e7b3879cc24d5f4e4aa211980d0171e5cb3e31abc27b6c08,AUTHENTIC_PRODUCTION_COMPOSABLE_CAPTURE,PASS,PASS
final/en/phone/result-stats.png,en,phone,2160,3840,1526700,80bf249d79d837cca14563df5b5529da46bd92c910dc252c5d8d02d03cc23b6b,AUTHENTIC_PRODUCTION_COMPOSABLE_CAPTURE,PASS,PASS
final/en/phone/result.png,en,phone,2160,3840,5212179,e714b5de59ef9dedf281cabb1067324e23db98fac81bd3205b39a6ab6865ebcb,AUTHENTIC_PRODUCTION_COMPOSABLE_CAPTURE,PASS,PASS
final/en/phone/settings.png,en,phone,2160,3840,572361,673e7134fa264add499a35ee62a79452082270acbac9ce13b324a9de877e5db9,AUTHENTIC_PRODUCTION_COMPOSABLE_CAPTURE,PASS,PASS
final/en/tablet-7/background.png,en,tablet-7,3840,2160,4339762,104522d98be44a049d4bac2af0a38e6737b84a3b87715d63f8a5aeda309af915,AUTHENTIC_PRODUCTION_COMPOSABLE_CAPTURE,PASS,PASS
final/en/tablet-7/batch.png,en,tablet-7,3840,2160,374360,1090d5c9ba0019831191b2b5c71f6349d588051453d31d4f4b4c402d124d9bb6,AUTHENTIC_PRODUCTION_COMPOSABLE_CAPTURE,PASS,PASS
final/en/tablet-7/editor.png,en,tablet-7,3840,2160,4987007,8478289c6f43fee6b6148db82db15dad90d2096fab139a85034d6253331834da,AUTHENTIC_PRODUCTION_COMPOSABLE_CAPTURE,PASS,PASS
final/en/tablet-7/history.png,en,tablet-7,3840,2160,1148796,e659f5d353199c8770986dea347e974c430ef7c076a15ccd57bdf2dccaa427de,AUTHENTIC_PRODUCTION_COMPOSABLE_CAPTURE,PASS,PASS
final/en/tablet-7/home.png,en,tablet-7,3840,2160,880232,ad83454ed2af717557ce84436a286e97210489f90b738966a85d9cedaeb95bc2,AUTHENTIC_PRODUCTION_COMPOSABLE_CAPTURE,PASS,PASS
final/en/tablet-7/result-stats.png,en,tablet-7,3840,2160,668306,ff58014a9a0c370f1fc6515bf968df259831bf267e24eb00d78d7711f2d923c5,AUTHENTIC_PRODUCTION_COMPOSABLE_CAPTURE,PASS,PASS
final/en/tablet-7/result.png,en,tablet-7,3840,2160,5974956,4b372c420080bacdf5d5c5c311b85ecd1cb6cf1990d86eeaa19a4b2dec523f79,AUTHENTIC_PRODUCTION_COMPOSABLE_CAPTURE,PASS,PASS
final/en/tablet-7/settings.png,en,tablet-7,3840,2160,432555,a146f45926fd365303c68b3579dd6bc743711a4254b7ae76eefcd84b09eaf962,AUTHENTIC_PRODUCTION_COMPOSABLE_CAPTURE,PASS,PASS
final/en/tablet-10/background.png,en,tablet-10,3840,2160,4589577,56dbf0abf720c0fcf0b1ee8d3d78abddcbea12a8d755a4701906e7c2bc31c54c,AUTHENTIC_PRODUCTION_COMPOSABLE_CAPTURE,PASS,PASS
final/en/tablet-10/batch.png,en,tablet-10,3840,2160,351763,f9deaad6fa577e173489cc8eda9b335731781b2368df0d39fbd1ecf4ef99f453,AUTHENTIC_PRODUCTION_COMPOSABLE_CAPTURE,PASS,PASS
final/en/tablet-10/editor.png,en,tablet-10,3840,2160,5218969,c01f77e821207590fab281cf13358b46fa538c1128425ec486e82e47f1b82a1d,AUTHENTIC_PRODUCTION_COMPOSABLE_CAPTURE,PASS,PASS
final/en/tablet-10/history.png,en,tablet-10,3840,2160,915759,8ad3a4cfcbf357d564f43a1c727de2d9a4cfcff62ac166fe51e25a9942c6bc24,AUTHENTIC_PRODUCTION_COMPOSABLE_CAPTURE,PASS,PASS
final/en/tablet-10/home.png,en,tablet-10,3840,2160,895626,072e049e52f5665e0dc79a09f3c8d6b780e0cd231fc98c7907f96bf2177041da,AUTHENTIC_PRODUCTION_COMPOSABLE_CAPTURE,PASS,PASS
final/en/tablet-10/result-stats.png,en,tablet-10,3840,2160,450226,0382b617764bde1835703ca980a532d3f4bdddf55496830ba0da57645d8960b4,AUTHENTIC_PRODUCTION_COMPOSABLE_CAPTURE,PASS,PASS
final/en/tablet-10/result.png,en,tablet-10,3840,2160,6387484,d51a98fac0f86ecf1ecc0ba7299166981b5d3ea1c672900efff10ddadfb2c94a,AUTHENTIC_PRODUCTION_COMPOSABLE_CAPTURE,PASS,PASS
final/en/tablet-10/settings.png,en,tablet-10,3840,2160,463704,cd8a77b48976bbe6ddb4bb6a1f3e2c00f16f6500a7616548284a50b879e14970,AUTHENTIC_PRODUCTION_COMPOSABLE_CAPTURE,PASS,PASS
final/en/chromebook/background.png,en,chromebook,3840,2160,5020259,13cd5618f3fb390bcaa1580a067f431d91f006c5dac5631639a61a0c7cbb33fd,AUTHENTIC_PRODUCTION_COMPOSABLE_CAPTURE,PASS,PASS
final/en/chromebook/batch.png,en,chromebook,3840,2160,313476,97c89547c8bc8b9a39bdc3191f0f4d6987733f61f2fa2c8377e610dc4fcdfbbc,AUTHENTIC_PRODUCTION_COMPOSABLE_CAPTURE,PASS,PASS
final/en/chromebook/editor.png,en,chromebook,3840,2160,5610944,db30c20e65e0c5a21f79cfde58b74481d726b08989945d91378229552e7a5675,AUTHENTIC_PRODUCTION_COMPOSABLE_CAPTURE,PASS,PASS
final/en/chromebook/history.png,en,chromebook,3840,2160,592092,c3cb0ff1e45f1af9b51b3408945d2b0214c6f72135b1be29b2e925fab43d5e12,AUTHENTIC_PRODUCTION_COMPOSABLE_CAPTURE,PASS,PASS
final/en/chromebook/home.png,en,chromebook,3840,2160,578879,57ef0dbccc219dc28de40246e6fb2afe5438db4fe84dfb837dcfe524b0fe7a55,AUTHENTIC_PRODUCTION_COMPOSABLE_CAPTURE,PASS,PASS
final/en/chromebook/result-stats.png,en,chromebook,3840,2160,606117,84afd6ea773fab7bac1eaa86d7c31e8c5b068cc8dbe04c418fac96d33e74ac12,AUTHENTIC_PRODUCTION_COMPOSABLE_CAPTURE,PASS,PASS
final/en/chromebook/result.png,en,chromebook,3840,2160,7045548,92d463778c5bbaba303f01120dc518890098196d2b2d538a8e8854c99e31d80c,AUTHENTIC_PRODUCTION_COMPOSABLE_CAPTURE,PASS,PASS
final/en/chromebook/settings.png,en,chromebook,3840,2160,404669,759ae80047d12173ff33f2ad42d9dce68fb15c9e290a74cb7c0c5f7b20049574,AUTHENTIC_PRODUCTION_COMPOSABLE_CAPTURE,PASS,PASS
final/de/feature-graphic/feature-graphic-1024x500.png,de,feature-graphic,1024,500,452866,24a8924407b0b0957458e7754d63b63db003b7ba13de4b82859303f32e34a523,REGISTERED_REAL_BEFORE_AFTER_AND_LOCALIZED_UI,NOT_APPLICABLE_REGISTERED_INPUTS,PASS
final/de/all-features-3840x2160.png,de,common-sheet,3840,2160,4159951,908eefdb7b317c91e6fe8bf031738c988726654fa998b7d50d3abf8d13ad3822,LOCALIZED_ALL_FEATURES_OVERVIEW_FROM_AUTHENTIC_CAPTURES,PASS,PASS
final/de/phone/background.png,de,phone,2160,3840,4291996,c3eee4d6ae4aef64ee52c885a87b021e40b308f624ee5334a2bb0cfcf1b08033,AUTHENTIC_PRODUCTION_COMPOSABLE_CAPTURE,PASS,PASS
final/de/phone/batch.png,de,phone,2160,3840,454663,8cb12b9c390b0241d8f2513127ea351da748af8c56a48873509fbb32c1cf2bc1,AUTHENTIC_PRODUCTION_COMPOSABLE_CAPTURE,PASS,PASS
final/de/phone/editor.png,de,phone,2160,3840,7030035,15ea6bb77fb7f6e253745ef9ea3bbf04fe2a224764f39a162164d2268cc6086e,AUTHENTIC_PRODUCTION_COMPOSABLE_CAPTURE,PASS,PASS
final/de/phone/history.png,de,phone,2160,3840,1902228,920706061c790fe3f6c3c7293c8aeaa9046a56eac82b5265344c329babe42be8,AUTHENTIC_PRODUCTION_COMPOSABLE_CAPTURE,PASS,PASS
final/de/phone/home.png,de,phone,2160,3840,1807948,1d795eb9fefb0fe95b967987947060d5c6972ac82c9091a7f0027d535e26390c,AUTHENTIC_PRODUCTION_COMPOSABLE_CAPTURE,PASS,PASS
final/de/phone/result-stats.png,de,phone,2160,3840,1512100,104632058febacd1218cc469e06e03ee61aba6c4ec1d81710d605d6da8945923,AUTHENTIC_PRODUCTION_COMPOSABLE_CAPTURE,PASS,PASS
final/de/phone/result.png,de,phone,2160,3840,5030367,f04c691f40257141a0fb3fc3f825400cf80226e8137e2cacd16d0781304d0e53,AUTHENTIC_PRODUCTION_COMPOSABLE_CAPTURE,PASS,PASS
final/de/phone/settings.png,de,phone,2160,3840,591131,99ba03051ba03a75441225fdb10965b8888c731d4cf16dfddc9aa88b7e8affdb,AUTHENTIC_PRODUCTION_COMPOSABLE_CAPTURE,PASS,PASS
final/de/tablet-7/background.png,de,tablet-7,3840,2160,4338292,1f068d6bc0dd72bac783ed307c82ce336c7f07725773b482a3434cff26d90c34,AUTHENTIC_PRODUCTION_COMPOSABLE_CAPTURE,PASS,PASS
final/de/tablet-7/batch.png,de,tablet-7,3840,2160,385968,adc0f2612f3c0c004ef96507bb49382a099ef9871223306816afdb0dd2be0062,AUTHENTIC_PRODUCTION_COMPOSABLE_CAPTURE,PASS,PASS
final/de/tablet-7/editor.png,de,tablet-7,3840,2160,4989220,8e96376d3aae224562439d15f8402913baaf32e1e5984c860a7ad051012a60e3,AUTHENTIC_PRODUCTION_COMPOSABLE_CAPTURE,PASS,PASS
final/de/tablet-7/history.png,de,tablet-7,3840,2160,1130142,edc2386209f1c41847030628173c0a9da9059688b2eb991927f8c4a2b8c4bb08,AUTHENTIC_PRODUCTION_COMPOSABLE_CAPTURE,PASS,PASS
final/de/tablet-7/home.png,de,tablet-7,3840,2160,892347,cde5f175e6af7720fd272bf1cd388846c09c34e39e38b33610c15247045c8b00,AUTHENTIC_PRODUCTION_COMPOSABLE_CAPTURE,PASS,PASS
final/de/tablet-7/result-stats.png,de,tablet-7,3840,2160,673300,a8430904afd6d5690491d42c6871b88920b22424bc0df53bb102a3e0d6d554ec,AUTHENTIC_PRODUCTION_COMPOSABLE_CAPTURE,PASS,PASS
final/de/tablet-7/result.png,de,tablet-7,3840,2160,5975346,0825b47b77a272d4383522934a14c804d3ddf5b2e52bac3dd1c10fa1bac73a6b,AUTHENTIC_PRODUCTION_COMPOSABLE_CAPTURE,PASS,PASS
final/de/tablet-7/settings.png,de,tablet-7,3840,2160,449697,d5aac2ef8c180d8e8d95dcda9e5011333f7a896dbf758157b44e249bc640440f,AUTHENTIC_PRODUCTION_COMPOSABLE_CAPTURE,PASS,PASS
final/de/tablet-10/background.png,de,tablet-10,3840,2160,4588387,8bfa8f99f9d24c19c4639da12ea19d860bca84580dc890ac7e6890285820049f,AUTHENTIC_PRODUCTION_COMPOSABLE_CAPTURE,PASS,PASS
final/de/tablet-10/batch.png,de,tablet-10,3840,2160,364523,f7c966f5a7aacb8d098f0a9a2bd82ede56eb2ff063ee42c17b04fc3e6fdced09,AUTHENTIC_PRODUCTION_COMPOSABLE_CAPTURE,PASS,PASS
final/de/tablet-10/editor.png,de,tablet-10,3840,2160,5221811,7b1a7a7e716f91d4d194aeda936286a49c3b9e9b4e059203e971e2dc03aabadc,AUTHENTIC_PRODUCTION_COMPOSABLE_CAPTURE,PASS,PASS
final/de/tablet-10/history.png,de,tablet-10,3840,2160,897049,35bb2ed2c6c00f76b788a9ead19b8896e4cd166989b7599cef369f4aff291881,AUTHENTIC_PRODUCTION_COMPOSABLE_CAPTURE,PASS,PASS
final/de/tablet-10/home.png,de,tablet-10,3840,2160,905114,7e7077d26ee3fdfdb9f3b5344793034cb419911145e2a8e06a6e258436b80b30,AUTHENTIC_PRODUCTION_COMPOSABLE_CAPTURE,PASS,PASS
final/de/tablet-10/result-stats.png,de,tablet-10,3840,2160,606827,03435e85338e61c044b26bf1123922797412293c453978e5db6496722593b785,AUTHENTIC_PRODUCTION_COMPOSABLE_CAPTURE,PASS,PASS
final/de/tablet-10/result.png,de,tablet-10,3840,2160,6387321,acc4cda964d08a3571067e5f3ab6e2f34c2de7c73962ce0bc4dcb65ab0b6150e,AUTHENTIC_PRODUCTION_COMPOSABLE_CAPTURE,PASS,PASS
final/de/tablet-10/settings.png,de,tablet-10,3840,2160,490577,82eb2eb03dfa03cf44271c541b62d03f51cc613b7c2934b458efe264f943eef3,AUTHENTIC_PRODUCTION_COMPOSABLE_CAPTURE,PASS,PASS
final/de/chromebook/background.png,de,chromebook,3840,2160,5019523,45f154b51e536c8ca9821187de8a0d44aab4d1de90751196e152d44e5d399e2a,AUTHENTIC_PRODUCTION_COMPOSABLE_CAPTURE,PASS,PASS
final/de/chromebook/batch.png,de,chromebook,3840,2160,322776,956a8c76d3eb04af46230debde5622a64e9d8db23668c5d7751f8a474eafcad2,AUTHENTIC_PRODUCTION_COMPOSABLE_CAPTURE,PASS,PASS
final/de/chromebook/editor.png,de,chromebook,3840,2160,5612272,bcd70b8b19dec660f03c70ba6a2e8792b3edfdf14a4afc057152be792445c2ce,AUTHENTIC_PRODUCTION_COMPOSABLE_CAPTURE,PASS,PASS
final/de/chromebook/history.png,de,chromebook,3840,2160,581618,80851afb8038623967ade092a1bbb51c65eb015ff4451a93d08ebc3bef05d31f,AUTHENTIC_PRODUCTION_COMPOSABLE_CAPTURE,PASS,PASS
final/de/chromebook/home.png,de,chromebook,3840,2160,585718,a7e11875c634afad1baed69a7096f36bd1a1368ea2658a6fb406634260f5d1c5,AUTHENTIC_PRODUCTION_COMPOSABLE_CAPTURE,PASS,PASS
final/de/chromebook/result-stats.png,de,chromebook,3840,2160,610716,58469ca3ea3cf0099bfec1045a55e5ed9227eeb44c669eacca58d85dbc2bae5c,AUTHENTIC_PRODUCTION_COMPOSABLE_CAPTURE,PASS,PASS
final/de/chromebook/result.png,de,chromebook,3840,2160,7045326,628b14bac7aef0747951e17a83bb6c6813653dc9b156e5f961bb792de2ff1be3,AUTHENTIC_PRODUCTION_COMPOSABLE_CAPTURE,PASS,PASS
final/de/chromebook/settings.png,de,chromebook,3840,2160,417888,3ac03263043a15054797f1f51d1c91db129c82edd425d11eafcec5df387de12e,AUTHENTIC_PRODUCTION_COMPOSABLE_CAPTURE,PASS,PASS
final/fr/feature-graphic/feature-graphic-1024x500.png,fr,feature-graphic,1024,500,446441,bf1bfaa600a32e1554a81466b374f70c6aedab532aed340adbfae425eb2152e2,REGISTERED_REAL_BEFORE_AFTER_AND_LOCALIZED_UI,NOT_APPLICABLE_REGISTERED_INPUTS,PASS
final/fr/all-features-3840x2160.png,fr,common-sheet,3840,2160,4163726,1cfe920b16078bf0f4036363eb9050c78d8210f8daf3d580f3aea71ef6564a77,LOCALIZED_ALL_FEATURES_OVERVIEW_FROM_AUTHENTIC_CAPTURES,PASS,PASS
final/fr/phone/background.png,fr,phone,2160,3840,4296476,4273a4ce12ff50a92ccf342ec0a0cf6ecabd569f3ef34e068c2841b93d6b0042,AUTHENTIC_PRODUCTION_COMPOSABLE_CAPTURE,PASS,PASS
final/fr/phone/batch.png,fr,phone,2160,3840,430924,3bb3ee5a78e9839a34bfba74a8ff37df43f739c0bfb94b3aac28d4d681ea5ef7,AUTHENTIC_PRODUCTION_COMPOSABLE_CAPTURE,PASS,PASS
final/fr/phone/editor.png,fr,phone,2160,3840,7019425,a5db5214265af4f67054ba1191d1878a66fa49f83aa66fe399cc9b3af0c117cb,AUTHENTIC_PRODUCTION_COMPOSABLE_CAPTURE,PASS,PASS
final/fr/phone/history.png,fr,phone,2160,3840,1920563,37f256f6fbb677dbb5e29d25a59699542dfb3225eb0c03fa931904b7c57dc088,AUTHENTIC_PRODUCTION_COMPOSABLE_CAPTURE,PASS,PASS
final/fr/phone/home.png,fr,phone,2160,3840,1793795,e9155c185cad0e9c082485d5acee860ba68e1d34fb6a71a7150222710dcfdbe6,AUTHENTIC_PRODUCTION_COMPOSABLE_CAPTURE,PASS,PASS
final/fr/phone/result-stats.png,fr,phone,2160,3840,1211614,5fecf2e8b1f5db44d14551f725e355967625e3fff579b2ab55024317924b41c6,AUTHENTIC_PRODUCTION_COMPOSABLE_CAPTURE,PASS,PASS
final/fr/phone/result.png,fr,phone,2160,3840,5201379,4d450050a3825fc07305657434aa51d82c416012cf34051160ef0ca9cbb76c7e,AUTHENTIC_PRODUCTION_COMPOSABLE_CAPTURE,PASS,PASS
final/fr/phone/settings.png,fr,phone,2160,3840,583551,003ba14b7cd8b7b1303a2dc457b814cd64b8bcbe1d6ee2f559fa55ab22fe5689,AUTHENTIC_PRODUCTION_COMPOSABLE_CAPTURE,PASS,PASS
final/fr/tablet-7/background.png,fr,tablet-7,3840,2160,4337447,521c4a62d5fcc97d995376c3dc19314f199b079c8c2e6ec094aadbceabecfbe2,AUTHENTIC_PRODUCTION_COMPOSABLE_CAPTURE,PASS,PASS
final/fr/tablet-7/batch.png,fr,tablet-7,3840,2160,373681,842fedd54830f64ab96583853f462fa99b61bff1f0469aa80552ad40e5f506ba,AUTHENTIC_PRODUCTION_COMPOSABLE_CAPTURE,PASS,PASS
final/fr/tablet-7/editor.png,fr,tablet-7,3840,2160,4985361,011d7e7f2eca09efe6868703754012fd059db39b2c8342908d87a5de2f3f86cc,AUTHENTIC_PRODUCTION_COMPOSABLE_CAPTURE,PASS,PASS
final/fr/tablet-7/history.png,fr,tablet-7,3840,2160,1137864,613b5fae3a184a4fe80c89623273cd63a0f7bd97cda149c131fa8437e78676c1,AUTHENTIC_PRODUCTION_COMPOSABLE_CAPTURE,PASS,PASS
final/fr/tablet-7/home.png,fr,tablet-7,3840,2160,884460,56686acd525802e48f16855bc230e4b27733fceefb264ff19188864c929d3cdc,AUTHENTIC_PRODUCTION_COMPOSABLE_CAPTURE,PASS,PASS
final/fr/tablet-7/result-stats.png,fr,tablet-7,3840,2160,799669,76744db003d034adf6bfbc99d68ceeb900033bc7d0a2ff5ec43c4044d83ce233,AUTHENTIC_PRODUCTION_COMPOSABLE_CAPTURE,PASS,PASS
final/fr/tablet-7/result.png,fr,tablet-7,3840,2160,5970589,8b85b19d2745b174f406a5d3208c1e2f4055e871ad82f47a999bee5cdafec7cf,AUTHENTIC_PRODUCTION_COMPOSABLE_CAPTURE,PASS,PASS
final/fr/tablet-7/settings.png,fr,tablet-7,3840,2160,442318,6ec4dc88abab0511ffb8ef10420967348672b35771ed62a3ed2023214d03f0d3,AUTHENTIC_PRODUCTION_COMPOSABLE_CAPTURE,PASS,PASS
final/fr/tablet-10/background.png,fr,tablet-10,3840,2160,4587820,36b42155a55bc8312423a9f5fd31738be55dea41d3508092a3aa7c1696164961,AUTHENTIC_PRODUCTION_COMPOSABLE_CAPTURE,PASS,PASS
final/fr/tablet-10/batch.png,fr,tablet-10,3840,2160,352510,19fc9b12631edfb46cc5c5ebb32318e07fc6ae7f6854b0f759c29c6aa62d0184,AUTHENTIC_PRODUCTION_COMPOSABLE_CAPTURE,PASS,PASS
final/fr/tablet-10/editor.png,fr,tablet-10,3840,2160,5218457,db41d122e4a56066b74c7c2c951653da0b619d2c284f87ae80660e512d74c226,AUTHENTIC_PRODUCTION_COMPOSABLE_CAPTURE,PASS,PASS
final/fr/tablet-10/history.png,fr,tablet-10,3840,2160,911076,77225644ec7d6bd3b4c6d93f979acecde01a33384bf47b83bdbfc053848fda9d,AUTHENTIC_PRODUCTION_COMPOSABLE_CAPTURE,PASS,PASS
final/fr/tablet-10/home.png,fr,tablet-10,3840,2160,898869,598b7f3946fd16e2f46a60e18836de4be4ef89faa6d53eeab7a57e72794c5a3e,AUTHENTIC_PRODUCTION_COMPOSABLE_CAPTURE,PASS,PASS
final/fr/tablet-10/result-stats.png,fr,tablet-10,3840,2160,761828,bb15405f88c895d1320226f7f60b37c73bc138cb968b38e3933901e28e10227a,AUTHENTIC_PRODUCTION_COMPOSABLE_CAPTURE,PASS,PASS
final/fr/tablet-10/result.png,fr,tablet-10,3840,2160,6383289,e7317d5846d6f743fd9d9337eca63b784b255d82a025c3680d523e79ee2ac9e0,AUTHENTIC_PRODUCTION_COMPOSABLE_CAPTURE,PASS,PASS
final/fr/tablet-10/settings.png,fr,tablet-10,3840,2160,479989,cd1b04b5556784f3acf3c950b32f37f7706aa55c81217cb1b17c1f66dc607fb4,AUTHENTIC_PRODUCTION_COMPOSABLE_CAPTURE,PASS,PASS
final/fr/chromebook/background.png,fr,chromebook,3840,2160,5018925,0fd02633deb6a7536370fa8d8c19aa0fa38d5c5ff39136a988c583faf8395e78,AUTHENTIC_PRODUCTION_COMPOSABLE_CAPTURE,PASS,PASS
final/fr/chromebook/batch.png,fr,chromebook,3840,2160,314184,9f2db8bda8d9716679520a23850dc32e2415f26b92b193fa0997533632c09cd9,AUTHENTIC_PRODUCTION_COMPOSABLE_CAPTURE,PASS,PASS
final/fr/chromebook/editor.png,fr,chromebook,3840,2160,5610649,fff60ad0a96a1669dd5dfd94e00850aaa07ea56f57a784f3c8134abe77ad31a3,AUTHENTIC_PRODUCTION_COMPOSABLE_CAPTURE,PASS,PASS
final/fr/chromebook/history.png,fr,chromebook,3840,2160,589328,5135a55e7e8181faefede90fa97b90bdd31832edba69ec992630639324332346,AUTHENTIC_PRODUCTION_COMPOSABLE_CAPTURE,PASS,PASS
final/fr/chromebook/home.png,fr,chromebook,3840,2160,580623,31d7c83cc13145d9755e0d59698c0a626038653f014e28eba1c7096f5f876f66,AUTHENTIC_PRODUCTION_COMPOSABLE_CAPTURE,PASS,PASS
final/fr/chromebook/result-stats.png,fr,chromebook,3840,2160,609141,271900817a88b9bc4143c1e8c8fdb98a92d6ca96c1e94f9899e1168e408f1d3f,AUTHENTIC_PRODUCTION_COMPOSABLE_CAPTURE,PASS,PASS
final/fr/chromebook/result.png,fr,chromebook,3840,2160,7041918,2a370375ecf1bf6a49766f6a1c600d59e6af26de7f050fa57f42d4a094ace9cd,AUTHENTIC_PRODUCTION_COMPOSABLE_CAPTURE,PASS,PASS
final/fr/chromebook/settings.png,fr,chromebook,3840,2160,420780,6d38d120611dd004d898f4ad478f79028f4dc5916d413fb59a2cb8bc4be40428,AUTHENTIC_PRODUCTION_COMPOSABLE_CAPTURE,PASS,PASS
final/ja/feature-graphic/feature-graphic-1024x500.png,ja,feature-graphic,1024,500,446865,dd0c7529d236ed2e6c42697e9a28205ade9f790c5acbf669e0c20e9237385a0e,REGISTERED_REAL_BEFORE_AFTER_AND_LOCALIZED_UI,NOT_APPLICABLE_REGISTERED_INPUTS,PASS
final/ja/all-features-3840x2160.png,ja,common-sheet,3840,2160,4133573,07c671e8e22d93617f0e86cfe54a6dba80e263528ee6f3e1e9c5f02498cbbf54,LOCALIZED_ALL_FEATURES_OVERVIEW_FROM_AUTHENTIC_CAPTURES,PASS,PASS
final/ja/phone/background.png,ja,phone,2160,3840,4277134,d06394372a8ab259d212e13c4ba0c5ce16fe5144205099a35772cf1985496b93,AUTHENTIC_PRODUCTION_COMPOSABLE_CAPTURE,PASS,PASS
final/ja/phone/batch.png,ja,phone,2160,3840,434693,1557430760bf18339fbd907323a7db89e526bec7a5cb57ecf04de75df0e469f0,AUTHENTIC_PRODUCTION_COMPOSABLE_CAPTURE,PASS,PASS
final/ja/phone/editor.png,ja,phone,2160,3840,7024743,b148002b96e4047aec7725ddb8a3edb4191389620792b775386f65d24c31fec1,AUTHENTIC_PRODUCTION_COMPOSABLE_CAPTURE,PASS,PASS
final/ja/phone/history.png,ja,phone,2160,3840,1906409,8c9c51a70042e6bd79dc9a412eb68472260ae24b61dac38d809f510e198371ed,AUTHENTIC_PRODUCTION_COMPOSABLE_CAPTURE,PASS,PASS
final/ja/phone/home.png,ja,phone,2160,3840,1788086,920fe97bd5a3ed0ea77833306386028e5fd52b5ce89e2f9785f098c54861bcee,AUTHENTIC_PRODUCTION_COMPOSABLE_CAPTURE,PASS,PASS
final/ja/phone/result-stats.png,ja,phone,2160,3840,1976045,9094473fdbb7eb8449d11b8a7395d807d7e79e3dcb654aa7fea478e777bca168,AUTHENTIC_PRODUCTION_COMPOSABLE_CAPTURE,PASS,PASS
final/ja/phone/result.png,ja,phone,2160,3840,5084807,b3ff2034ffd48c159a34d82698650f77bef20822a863cf9ed606ff70d1ffd6bc,AUTHENTIC_PRODUCTION_COMPOSABLE_CAPTURE,PASS,PASS
final/ja/phone/settings.png,ja,phone,2160,3840,732143,d2300aa15bab4f19ab6ed64249c70416e14e79ee3ddda41c6f88ad98981224e9,AUTHENTIC_PRODUCTION_COMPOSABLE_CAPTURE,PASS,PASS
final/ja/tablet-7/background.png,ja,tablet-7,3840,2160,4277659,699d3cd12435f7713ed6a96d837d06d1918e01a9e48b574ce5c83a9f0df66735,AUTHENTIC_PRODUCTION_COMPOSABLE_CAPTURE,PASS,PASS
final/ja/tablet-7/batch.png,ja,tablet-7,3840,2160,379168,d2b09cc80aa945513ae202b11217f10da5859524053052ffb9b2bc1c2d0f2d41,AUTHENTIC_PRODUCTION_COMPOSABLE_CAPTURE,PASS,PASS
final/ja/tablet-7/editor.png,ja,tablet-7,3840,2160,4938757,da4c3dc95133fd44c584c4e4bac6db06cba2c166c9ac77c304580360510bc5f1,AUTHENTIC_PRODUCTION_COMPOSABLE_CAPTURE,PASS,PASS
final/ja/tablet-7/history.png,ja,tablet-7,3840,2160,1133676,9608cf61a5bd217faa1c26d0579ba0cef97b9745dcc5006c5e2d19ee3becb6a9,AUTHENTIC_PRODUCTION_COMPOSABLE_CAPTURE,PASS,PASS
final/ja/tablet-7/home.png,ja,tablet-7,3840,2160,911098,035e5d43fac385ee9964ac01624b1b0fbbff7435278259881f57154e425b02e1,AUTHENTIC_PRODUCTION_COMPOSABLE_CAPTURE,PASS,PASS
final/ja/tablet-7/result-stats.png,ja,tablet-7,3840,2160,882800,ce84ca4570cccab4b945cb4db660ca2b9675823e3e3b67b3d9c3fab3014f17a5,AUTHENTIC_PRODUCTION_COMPOSABLE_CAPTURE,PASS,PASS
final/ja/tablet-7/result.png,ja,tablet-7,3840,2160,5817425,bc05ef880b833bf8270e8f242336d1a583dd41789bba587915f635cd371040cc,AUTHENTIC_PRODUCTION_COMPOSABLE_CAPTURE,PASS,PASS
final/ja/tablet-7/settings.png,ja,tablet-7,3840,2160,572925,56a040f04800f7811708b7760ec952615d71115fd8eae7782d0f977ee0c4626f,AUTHENTIC_PRODUCTION_COMPOSABLE_CAPTURE,PASS,PASS
final/ja/tablet-10/background.png,ja,tablet-10,3840,2160,4524623,6383f38d78a5fe41c18973fdd1dc323d8869b79cfa4be58fbe97dd814bdd20a9,AUTHENTIC_PRODUCTION_COMPOSABLE_CAPTURE,PASS,PASS
final/ja/tablet-10/batch.png,ja,tablet-10,3840,2160,356407,7e1fe6496d30521fe1a0f4a5e9e8d5287fe1ce71ca1070966cbee1a1df3e8317,AUTHENTIC_PRODUCTION_COMPOSABLE_CAPTURE,PASS,PASS
final/ja/tablet-10/editor.png,ja,tablet-10,3840,2160,5170594,0f7da8f40125734ec8c1fa137f809b9ed3ad923ff7df33daff38e971027ba0cc,AUTHENTIC_PRODUCTION_COMPOSABLE_CAPTURE,PASS,PASS
final/ja/tablet-10/history.png,ja,tablet-10,3840,2160,908914,0e8b133f4533bd9ee9c7aeec903e0c953c56547ebce527e8e6b90ec6ba5d1407,AUTHENTIC_PRODUCTION_COMPOSABLE_CAPTURE,PASS,PASS
final/ja/tablet-10/home.png,ja,tablet-10,3840,2160,924171,82a5a41b8c63dd6a45c18eff0bda197bcb2b29dcad06e41ac448472e0d5b9d40,AUTHENTIC_PRODUCTION_COMPOSABLE_CAPTURE,PASS,PASS
final/ja/tablet-10/result-stats.png,ja,tablet-10,3840,2160,623232,0bee5534ccb442f249e98107e5c597d7c019abb5258485f38ac18abf6a9d2327,AUTHENTIC_PRODUCTION_COMPOSABLE_CAPTURE,PASS,PASS
final/ja/tablet-10/result.png,ja,tablet-10,3840,2160,6245427,55c87de3f7f5acad8c91f063b8bca6e7480679fc51cf6857682242b63dc8dc24,AUTHENTIC_PRODUCTION_COMPOSABLE_CAPTURE,PASS,PASS
final/ja/tablet-10/settings.png,ja,tablet-10,3840,2160,675611,d03d09da8f5cbe55d4a54175e156efb82efd9f16d6a71e97b673c80ccc727af2,AUTHENTIC_PRODUCTION_COMPOSABLE_CAPTURE,PASS,PASS
final/ja/chromebook/background.png,ja,chromebook,3840,2160,4980488,73368ea3ba580569fcb48a7874b9c023d0922ba821811c27ed268c1a61bcf461,AUTHENTIC_PRODUCTION_COMPOSABLE_CAPTURE,PASS,PASS
final/ja/chromebook/batch.png,ja,chromebook,3840,2160,318717,5032e5f48b3beef287406a39c749a484b3c3533735532a4a78c5f6c94d02a7cb,AUTHENTIC_PRODUCTION_COMPOSABLE_CAPTURE,PASS,PASS
final/ja/chromebook/editor.png,ja,chromebook,3840,2160,5580268,088ff052e9b4d012a90fdd11c58ac006a90079a12c9b98b08fc6b0326bf159ce,AUTHENTIC_PRODUCTION_COMPOSABLE_CAPTURE,PASS,PASS
final/ja/chromebook/history.png,ja,chromebook,3840,2160,587362,2f53639542d3a86c4c95c97ff43d85e0d6f475b189bc596096b0679b5ed836a0,AUTHENTIC_PRODUCTION_COMPOSABLE_CAPTURE,PASS,PASS
final/ja/chromebook/home.png,ja,chromebook,3840,2160,597614,3970d84b0de90f27b84b36f152a37ba34ba710af6fd10c19c84aaaa6b0db0dde,AUTHENTIC_PRODUCTION_COMPOSABLE_CAPTURE,PASS,PASS
final/ja/chromebook/result-stats.png,ja,chromebook,3840,2160,589657,71a8a877c7b60b76a5ec854cd3a4a9cea4ad47fc75f41f85941506f1f3995c17,AUTHENTIC_PRODUCTION_COMPOSABLE_CAPTURE,PASS,PASS
final/ja/chromebook/result.png,ja,chromebook,3840,2160,6962123,9b1d3d35dd6190b0dc042f2726a4537f62a16726db6ea9222422a8314e3e0e67,AUTHENTIC_PRODUCTION_COMPOSABLE_CAPTURE,PASS,PASS
final/ja/chromebook/settings.png,ja,chromebook,3840,2160,577146,94b72b9fd92198dc47958fbf0f4f03524678b50067b2ee5878d740127778b2fd,AUTHENTIC_PRODUCTION_COMPOSABLE_CAPTURE,PASS,PASS
final/hi/feature-graphic/feature-graphic-1024x500.png,hi,feature-graphic,1024,500,439206,702085cdb660ab2993d57cc708386edc437b7970740e61f6f0ddcacbe40ae723,REGISTERED_REAL_BEFORE_AFTER_AND_LOCALIZED_UI,NOT_APPLICABLE_REGISTERED_INPUTS,PASS
final/hi/all-features-3840x2160.png,hi,common-sheet,3840,2160,4072562,bba1b90bc81e19297f2aed3b440784e59a44d52ab176a40d776ed57d23d03f02,LOCALIZED_ALL_FEATURES_OVERVIEW_FROM_AUTHENTIC_CAPTURES,PASS,PASS
final/hi/phone/background.png,hi,phone,2160,3840,4283159,c6cd183ad2b4aa7610eff914dd149a1dfd0a67b4f921d673fa4d0710e67b1c9c,AUTHENTIC_PRODUCTION_COMPOSABLE_CAPTURE,PASS,PASS
final/hi/phone/batch.png,hi,phone,2160,3840,414116,fb558657fa195bf42023430ce081fad2f76750cb8a61893a3f05ca98013581eb,AUTHENTIC_PRODUCTION_COMPOSABLE_CAPTURE,PASS,PASS
final/hi/phone/editor.png,hi,phone,2160,3840,7022365,82b597390bacd1cc58e67a7570dddfd4e1d71ddcd9aedaf795a503f368e37522,AUTHENTIC_PRODUCTION_COMPOSABLE_CAPTURE,PASS,PASS
final/hi/phone/history.png,hi,phone,2160,3840,1912089,ef7158fc6d4fdf0b7d65ef7ac82a526b4b01ed260cf3537d2a6f5bf9db9fcf6a,AUTHENTIC_PRODUCTION_COMPOSABLE_CAPTURE,PASS,PASS
final/hi/phone/home.png,hi,phone,2160,3840,1961140,0d4175bacb1635771038f2ad1532fc232315c99331cbe171613752fef5b1c4b8,AUTHENTIC_PRODUCTION_COMPOSABLE_CAPTURE,PASS,PASS
final/hi/phone/result-stats.png,hi,phone,2160,3840,1609941,a74fc5f21454e95dc49dfe139d8834a33380e82a6df2e307d565a94f4101d4ee,AUTHENTIC_PRODUCTION_COMPOSABLE_CAPTURE,PASS,PASS
final/hi/phone/result.png,hi,phone,2160,3840,5111205,a474a6104c10ea75ffc5e0c7dd34f074d926de8a2dbac371072662552f11c586,AUTHENTIC_PRODUCTION_COMPOSABLE_CAPTURE,PASS,PASS
final/hi/phone/settings.png,hi,phone,2160,3840,574433,321c7783067b2d4ccc8d5fe8c28f85ebc23d6b7d97453140f33c7b3c564d4d30,AUTHENTIC_PRODUCTION_COMPOSABLE_CAPTURE,PASS,PASS
final/hi/tablet-7/background.png,hi,tablet-7,3840,2160,4302428,39a8779bde9f8e432f4f602d2f9ac1430711b3821c24592a8c7c375f52676ebe,AUTHENTIC_PRODUCTION_COMPOSABLE_CAPTURE,PASS,PASS
final/hi/tablet-7/batch.png,hi,tablet-7,3840,2160,363145,627eca89659152f40eff77e61e63781c34ab76709c4112890b91d545e5d46d11,AUTHENTIC_PRODUCTION_COMPOSABLE_CAPTURE,PASS,PASS
final/hi/tablet-7/editor.png,hi,tablet-7,3840,2160,4956355,d6fd099dbac5f8d1e2600f2f61607c0767a41c4cbdd1f2935215f0432f62680f,AUTHENTIC_PRODUCTION_COMPOSABLE_CAPTURE,PASS,PASS
final/hi/tablet-7/history.png,hi,tablet-7,3840,2160,1137829,98a6b8dfce21d4c0254c3e138d9416893b76e043146ccef08afa7c98bb29f6a1,AUTHENTIC_PRODUCTION_COMPOSABLE_CAPTURE,PASS,PASS
final/hi/tablet-7/home.png,hi,tablet-7,3840,2160,887160,3ace09d72cc68e0840857eea1dc92eadadefd17371167d192761eb0dd0dc7fc3,AUTHENTIC_PRODUCTION_COMPOSABLE_CAPTURE,PASS,PASS
final/hi/tablet-7/result-stats.png,hi,tablet-7,3840,2160,867736,8f90640895aed3a90a5737ce62d15faa13e238badb197d68d3763afc680ace8f,AUTHENTIC_PRODUCTION_COMPOSABLE_CAPTURE,PASS,PASS
final/hi/tablet-7/result.png,hi,tablet-7,3840,2160,5863107,a636d0c8cf31e63a9601a4c47eb5a0e0953fd97eb5002a7845b8a7fa4cc9d6b7,AUTHENTIC_PRODUCTION_COMPOSABLE_CAPTURE,PASS,PASS
final/hi/tablet-7/settings.png,hi,tablet-7,3840,2160,447038,780c2a4f9d7b9e1bb897c7004636bbaac5c34a407dc9e9ceec4f6d64b9e10600,AUTHENTIC_PRODUCTION_COMPOSABLE_CAPTURE,PASS,PASS
final/hi/tablet-10/background.png,hi,tablet-10,3840,2160,4552939,19ab6820c15b3c005e4aa81a62cb7043da54c3c16ebf3ca67c46c458d3ebfcfc,AUTHENTIC_PRODUCTION_COMPOSABLE_CAPTURE,PASS,PASS
final/hi/tablet-10/batch.png,hi,tablet-10,3840,2160,343372,24ceaa01cdb8bacc6a61f7a30142b9f2e6b29620b6c7100f8ad7ae7486090933,AUTHENTIC_PRODUCTION_COMPOSABLE_CAPTURE,PASS,PASS
final/hi/tablet-10/editor.png,hi,tablet-10,3840,2160,5191225,7e24262be3feefe7f2ea91d6b8bdeda4cf706ba78fdbe8e2577862124b4b1177,AUTHENTIC_PRODUCTION_COMPOSABLE_CAPTURE,PASS,PASS
final/hi/tablet-10/history.png,hi,tablet-10,3840,2160,907276,f7cb767030c55b7a520d64fcb3bdad7f431edf9ecf46358bfa49b6b6c0137e96,AUTHENTIC_PRODUCTION_COMPOSABLE_CAPTURE,PASS,PASS
final/hi/tablet-10/home.png,hi,tablet-10,3840,2160,900629,e31afb374b5c51d7210a1a9cb38f02d04dfaea1f1c13da147f2c384e0eb79cfa,AUTHENTIC_PRODUCTION_COMPOSABLE_CAPTURE,PASS,PASS
final/hi/tablet-10/result-stats.png,hi,tablet-10,3840,2160,625142,e921d463608afb973de0973d84320320d73129bc544cc25bc210795e75361702,AUTHENTIC_PRODUCTION_COMPOSABLE_CAPTURE,PASS,PASS
final/hi/tablet-10/result.png,hi,tablet-10,3840,2160,6292136,44ee27c5291f1c5c171e88498280096d36685924c74e11d514ef226b1e5856ac,AUTHENTIC_PRODUCTION_COMPOSABLE_CAPTURE,PASS,PASS
final/hi/tablet-10/settings.png,hi,tablet-10,3840,2160,496907,82ef9b02ff315c9171f724ed8ed5f8d22d000ed142d3a552e0bef89e65bb5c68,AUTHENTIC_PRODUCTION_COMPOSABLE_CAPTURE,PASS,PASS
final/hi/chromebook/background.png,hi,chromebook,3840,2160,4995729,bebba3230641c12ff2899a7c1c63b7f2368ba4307be8a723291c8b1d6ac6849e,AUTHENTIC_PRODUCTION_COMPOSABLE_CAPTURE,PASS,PASS
final/hi/chromebook/batch.png,hi,chromebook,3840,2160,308005,e62fc5461bc7f09f3ba1707d6aebae08942460d71148a4826e2e3bed661f3654,AUTHENTIC_PRODUCTION_COMPOSABLE_CAPTURE,PASS,PASS
final/hi/chromebook/editor.png,hi,chromebook,3840,2160,5592230,d7f229e8dc7647c60b9f85a8f7e9b1b4366be8e7c5e419b778a4da66b87c8e11,AUTHENTIC_PRODUCTION_COMPOSABLE_CAPTURE,PASS,PASS
final/hi/chromebook/history.png,hi,chromebook,3840,2160,585405,a7964a9d85ffea3b1cbe298783930d1048add034b6034a70df00beed2f91d11d,AUTHENTIC_PRODUCTION_COMPOSABLE_CAPTURE,PASS,PASS
final/hi/chromebook/home.png,hi,chromebook,3840,2160,581803,eb2714936720350aeb21e29c3eb17b3a41a732f397b50b6073c5de384e0c9d3a,AUTHENTIC_PRODUCTION_COMPOSABLE_CAPTURE,PASS,PASS
final/hi/chromebook/result-stats.png,hi,chromebook,3840,2160,572105,7511e238ece9427e785c37399879cdd28cb0672869f1f01dfdb73faf03e5f125,AUTHENTIC_PRODUCTION_COMPOSABLE_CAPTURE,PASS,PASS
final/hi/chromebook/result.png,hi,chromebook,3840,2160,6988328,bd781207b27248be797fd33690303b3a64521048597fef2d8633799379c706f6,AUTHENTIC_PRODUCTION_COMPOSABLE_CAPTURE,PASS,PASS
final/hi/chromebook/settings.png,hi,chromebook,3840,2160,435062,9550f689215d198d70a19190f11873876956da96ae47eb6dd3f58b727a34e7d0,AUTHENTIC_PRODUCTION_COMPOSABLE_CAPTURE,PASS,PASS
final/ru/feature-graphic/feature-graphic-1024x500.png,ru,feature-graphic,1024,500,452080,90d2cb33897b79c1c76e04ddfabba35413e364cb2cf49e5c9b02f8c5c433f050,REGISTERED_REAL_BEFORE_AFTER_AND_LOCALIZED_UI,NOT_APPLICABLE_REGISTERED_INPUTS,PASS
final/ru/all-features-3840x2160.png,ru,common-sheet,3840,2160,4225803,1166f6107296b9a9e71e25e63fec84c5af7074d7d8073b3a0a17c6ae0311e66f,LOCALIZED_ALL_FEATURES_OVERVIEW_FROM_AUTHENTIC_CAPTURES,PASS,PASS
final/ru/phone/background.png,ru,phone,2160,3840,4288501,9dba39b3c76df4af077a9a78b24b9d6cfb00e1f4dd68500fd267486f08f0ea42,AUTHENTIC_PRODUCTION_COMPOSABLE_CAPTURE,PASS,PASS
final/ru/phone/batch.png,ru,phone,2160,3840,438275,2031ea837ef6cb2c57b908fe52991110ac7a6fe677f8c7b17430730c8995b4d3,AUTHENTIC_PRODUCTION_COMPOSABLE_CAPTURE,PASS,PASS
final/ru/phone/editor.png,ru,phone,2160,3840,7041211,d3246fe18e30b70a85d6d22ec9b4a6bba021ba7c461953a2b50ef155e021a785,AUTHENTIC_PRODUCTION_COMPOSABLE_CAPTURE,PASS,PASS
final/ru/phone/history.png,ru,phone,2160,3840,1917735,457f848441501d814daa948026b98eb06467a9d4f301fbbf4ee11e8ac13d7995,AUTHENTIC_PRODUCTION_COMPOSABLE_CAPTURE,PASS,PASS
final/ru/phone/home.png,ru,phone,2160,3840,1678167,30707408070ab8bf8ab56973dc75bccda33055a9a7a7cb69f30f78775032efab,AUTHENTIC_PRODUCTION_COMPOSABLE_CAPTURE,PASS,PASS
final/ru/phone/result-stats.png,ru,phone,2160,3840,1177054,3999e2777461d8fbf46200d1db46dfc01db3cfee042ce4dc1f24e8c356b96a3d,AUTHENTIC_PRODUCTION_COMPOSABLE_CAPTURE,PASS,PASS
final/ru/phone/result.png,ru,phone,2160,3840,5035703,63bb8493abe2b72c19927e96311c82a719b049519462981cbaf9c6cd1313fe83,AUTHENTIC_PRODUCTION_COMPOSABLE_CAPTURE,PASS,PASS
final/ru/phone/settings.png,ru,phone,2160,3840,628259,a678bd199224844ddb8b4e8979925fe83899d708d2bf592c65552c17b4a3983b,AUTHENTIC_PRODUCTION_COMPOSABLE_CAPTURE,PASS,PASS
final/ru/tablet-7/background.png,ru,tablet-7,3840,2160,4333095,a73c54026ea9bfebbab8a97f1308f597c6d3f9c5fd75d006647fdb0dd3bbfb6e,AUTHENTIC_PRODUCTION_COMPOSABLE_CAPTURE,PASS,PASS
final/ru/tablet-7/batch.png,ru,tablet-7,3840,2160,376214,7c7ca6ee31f2c97461c5e6364f328befa287bb5ff55ad1b1624437f43d6a4667,AUTHENTIC_PRODUCTION_COMPOSABLE_CAPTURE,PASS,PASS
final/ru/tablet-7/editor.png,ru,tablet-7,3840,2160,4985002,1624c91c5446e23e8a204c86bd6c20b60aa6e708fe2ef72df410b66a2d88162c,AUTHENTIC_PRODUCTION_COMPOSABLE_CAPTURE,PASS,PASS
final/ru/tablet-7/history.png,ru,tablet-7,3840,2160,1140320,be2271d299b1c9e7d620c455d3e969949635649f367ef3d169938b24c2c55a7c,AUTHENTIC_PRODUCTION_COMPOSABLE_CAPTURE,PASS,PASS
final/ru/tablet-7/home.png,ru,tablet-7,3840,2160,902155,a196c50c26dffce15cbed9d6933f0539a57077f53e860e442ee436ccdcc03d58,AUTHENTIC_PRODUCTION_COMPOSABLE_CAPTURE,PASS,PASS
final/ru/tablet-7/result-stats.png,ru,tablet-7,3840,2160,915584,923df1a9aeb7db1a771f05193eefa7a4119e3aec26f5b9c56de1bcf4e0cd8202,AUTHENTIC_PRODUCTION_COMPOSABLE_CAPTURE,PASS,PASS
final/ru/tablet-7/result.png,ru,tablet-7,3840,2160,5976258,be40eaedb0a193d7500ba96342a64ef73948f68c5ae8eb6f65bb22bef308ef30,AUTHENTIC_PRODUCTION_COMPOSABLE_CAPTURE,PASS,PASS
final/ru/tablet-7/settings.png,ru,tablet-7,3840,2160,475872,9a0b78cf6c19d37e4bfd9d31355e13d869c5522d423d538fe9c1ca628ae8acef,AUTHENTIC_PRODUCTION_COMPOSABLE_CAPTURE,PASS,PASS
final/ru/tablet-10/background.png,ru,tablet-10,3840,2160,4583930,c5b921009d79a5844e15b01372e34378909f71d2db55c322238bdd3b635610ee,AUTHENTIC_PRODUCTION_COMPOSABLE_CAPTURE,PASS,PASS
final/ru/tablet-10/batch.png,ru,tablet-10,3840,2160,355686,ef76c2669510d7797a80c9cfe39d21bf4332e1f71e17387d06e02310cc06db2b,AUTHENTIC_PRODUCTION_COMPOSABLE_CAPTURE,PASS,PASS
final/ru/tablet-10/editor.png,ru,tablet-10,3840,2160,5218350,a785aea979a48e8b8f19be23e70c4e928d4db527eb170e107ec19552666bbc4a,AUTHENTIC_PRODUCTION_COMPOSABLE_CAPTURE,PASS,PASS
final/ru/tablet-10/history.png,ru,tablet-10,3840,2160,911165,0d77918fb851e2829ef5358051c2b7cd0c6a61eda5b769f62ba0bc9bfb0813bf,AUTHENTIC_PRODUCTION_COMPOSABLE_CAPTURE,PASS,PASS
final/ru/tablet-10/home.png,ru,tablet-10,3840,2160,913429,1ff86e95041a0b48cf26a370f1bffbec210b17d0de412eba3067959c0686d6b8,AUTHENTIC_PRODUCTION_COMPOSABLE_CAPTURE,PASS,PASS
final/ru/tablet-10/result-stats.png,ru,tablet-10,3840,2160,641101,edfc63829c509068e1294a0416ceb5f11dd50ac7a03a13337da1e3ee8cb90c91,AUTHENTIC_PRODUCTION_COMPOSABLE_CAPTURE,PASS,PASS
final/ru/tablet-10/result.png,ru,tablet-10,3840,2160,6388404,caad74510bf1363f0c0bf68f3d130bebc7da72fb6f9dce87006372c5947600c2,AUTHENTIC_PRODUCTION_COMPOSABLE_CAPTURE,PASS,PASS
final/ru/tablet-10/settings.png,ru,tablet-10,3840,2160,533938,7b27f5c82320c0f3cd3a75d388461a51446f4819d23deb9e0ba9520752c4e761,AUTHENTIC_PRODUCTION_COMPOSABLE_CAPTURE,PASS,PASS
final/ru/chromebook/background.png,ru,chromebook,3840,2160,5016810,0c01e7d08adf95a243b76830eee26651c8a24fb17245b3810fd2a11ed0a50ab6,AUTHENTIC_PRODUCTION_COMPOSABLE_CAPTURE,PASS,PASS
final/ru/chromebook/batch.png,ru,chromebook,3840,2160,316148,95b1e4d4cbd38dafce8e15bf4be9df8cbd19980253b8e1ce785fc15a0f133c6a,AUTHENTIC_PRODUCTION_COMPOSABLE_CAPTURE,PASS,PASS
final/ru/chromebook/editor.png,ru,chromebook,3840,2160,5610777,593c1fd268358dddafb1b5c93ce86be335f87b18f0978fba9c6cff5b421afbeb,AUTHENTIC_PRODUCTION_COMPOSABLE_CAPTURE,PASS,PASS
final/ru/chromebook/history.png,ru,chromebook,3840,2160,589731,48b399312dad15b1c219a776795d27d97b634242a149268616596044a8376519,AUTHENTIC_PRODUCTION_COMPOSABLE_CAPTURE,PASS,PASS
final/ru/chromebook/home.png,ru,chromebook,3840,2160,590609,472f003a0ca81d81c1078b803cda9803ec50d946a4fcf295287fc585567c275b,AUTHENTIC_PRODUCTION_COMPOSABLE_CAPTURE,PASS,PASS
final/ru/chromebook/result-stats.png,ru,chromebook,3840,2160,623821,af0f4a7778efc0f935ac4a39089e3f283fe30a54b8157905937255c9cffd1a12,AUTHENTIC_PRODUCTION_COMPOSABLE_CAPTURE,PASS,PASS
final/ru/chromebook/result.png,ru,chromebook,3840,2160,7046645,4ca00133189ce4b4b4615ac0ef3c56eb64143f448de0479b835126bafbd52ccd,AUTHENTIC_PRODUCTION_COMPOSABLE_CAPTURE,PASS,PASS
final/ru/chromebook/settings.png,ru,chromebook,3840,2160,452588,c83c97b95d2a3dd97e37e43e31839dd9de451c2e1eb6f549c4b58c13cc244e62,AUTHENTIC_PRODUCTION_COMPOSABLE_CAPTURE,PASS,PASS
final/es/feature-graphic/feature-graphic-1024x500.png,es,feature-graphic,1024,500,437093,015f5e7fe36df6253e2acd90ad7079a7375c865ba5a442212ba731c6cdb4ee90,REGISTERED_REAL_BEFORE_AFTER_AND_LOCALIZED_UI,NOT_APPLICABLE_REGISTERED_INPUTS,PASS
final/es/all-features-3840x2160.png,es,common-sheet,3840,2160,4141122,4646d36ecf1c08a331cd7b70d65b47a4255525cb02383f738b4ec61847d1460d,LOCALIZED_ALL_FEATURES_OVERVIEW_FROM_AUTHENTIC_CAPTURES,PASS,PASS
final/es/phone/background.png,es,phone,2160,3840,4293781,f315e4e195345bfa6d76e9ad1c59e97b0c60eb564badcf3acfa527c50d22cd1c,AUTHENTIC_PRODUCTION_COMPOSABLE_CAPTURE,PASS,PASS
final/es/phone/batch.png,es,phone,2160,3840,432708,c1d7b13d5aee58191d73345fc36ccd932f48f98efcf1d831af05ea3a389ad1d1,AUTHENTIC_PRODUCTION_COMPOSABLE_CAPTURE,PASS,PASS
final/es/phone/editor.png,es,phone,2160,3840,7031024,bbb26c744a381aa0b16c14912163506ff628e0db86f6c972aa3d20d766ea70a6,AUTHENTIC_PRODUCTION_COMPOSABLE_CAPTURE,PASS,PASS
final/es/phone/history.png,es,phone,2160,3840,1915165,26d7a262128978508ad264ace64138fd708833383aa03f959ede002f79de13c2,AUTHENTIC_PRODUCTION_COMPOSABLE_CAPTURE,PASS,PASS
final/es/phone/home.png,es,phone,2160,3840,1805355,8b2c3d28fd9f5fb00d5e1ee7782a52f633bd6148f76b2090ef86b677d0447dc2,AUTHENTIC_PRODUCTION_COMPOSABLE_CAPTURE,PASS,PASS
final/es/phone/result-stats.png,es,phone,2160,3840,1191658,c5a9fc54273ceee01d2adcdcae9524b8c119352f5280c0f771b2e6ad98ba2c02,AUTHENTIC_PRODUCTION_COMPOSABLE_CAPTURE,PASS,PASS
final/es/phone/result.png,es,phone,2160,3840,5215546,87c89bc070b826ff80b320f69e9f091d7cfe6ec5d3c77c53b07401e963eaeb60,AUTHENTIC_PRODUCTION_COMPOSABLE_CAPTURE,PASS,PASS
final/es/phone/settings.png,es,phone,2160,3840,595077,f4876b717dc71e90eac96d5524e2bd72ace0aebda1a9c059b4adfbcf902e7e32,AUTHENTIC_PRODUCTION_COMPOSABLE_CAPTURE,PASS,PASS
final/es/tablet-7/background.png,es,tablet-7,3840,2160,4336359,73ef7cbf472c14ce6141f70bb28b956a743c3677669c9db242663c2a861be5ab,AUTHENTIC_PRODUCTION_COMPOSABLE_CAPTURE,PASS,PASS
final/es/tablet-7/batch.png,es,tablet-7,3840,2160,374384,2f2b03e152c837634e49de8a2feeaef1394316ea5aa9df468993987c012ae367,AUTHENTIC_PRODUCTION_COMPOSABLE_CAPTURE,PASS,PASS
final/es/tablet-7/editor.png,es,tablet-7,3840,2160,4990556,118d46d8c5d2b2d8a045ffef9cceba9c24621cfb551d52b5286aa191a6981043,AUTHENTIC_PRODUCTION_COMPOSABLE_CAPTURE,PASS,PASS
final/es/tablet-7/history.png,es,tablet-7,3840,2160,1136822,2b1183c97cdd0b38e6fdd9e90f7fb5b2ae7c48fc9320ee39b53b5d98bc75c0ce,AUTHENTIC_PRODUCTION_COMPOSABLE_CAPTURE,PASS,PASS
final/es/tablet-7/home.png,es,tablet-7,3840,2160,896652,e757dc7d877cc96d79e855740a3f66a247f341a92a0a34d2673f563a00866f4a,AUTHENTIC_PRODUCTION_COMPOSABLE_CAPTURE,PASS,PASS
final/es/tablet-7/result-stats.png,es,tablet-7,3840,2160,903303,9aaae5e7604cd5f548744e62d28253395a82add069b1dc645a58f2ca5ca31392,AUTHENTIC_PRODUCTION_COMPOSABLE_CAPTURE,PASS,PASS
final/es/tablet-7/result.png,es,tablet-7,3840,2160,5976246,0ce1828346593643ecc7cade7043440591bd3d83f07632e502a2fc28f346d72d,AUTHENTIC_PRODUCTION_COMPOSABLE_CAPTURE,PASS,PASS
final/es/tablet-7/settings.png,es,tablet-7,3840,2160,441807,fb3d25fdae091caa64d8e9365c483b0e13096fa1829ed2ffcc8d9b08fd58fadf,AUTHENTIC_PRODUCTION_COMPOSABLE_CAPTURE,PASS,PASS
final/es/tablet-10/background.png,es,tablet-10,3840,2160,4586579,87a2754f83637182af9b289b84aaf25ce0760b220ba72d822407e6f87b240481,AUTHENTIC_PRODUCTION_COMPOSABLE_CAPTURE,PASS,PASS
final/es/tablet-10/batch.png,es,tablet-10,3840,2160,353875,e10649c3dcfbb2e7da707af0dfa4868c1ce26e66941defecb914edde2ca0c54a,AUTHENTIC_PRODUCTION_COMPOSABLE_CAPTURE,PASS,PASS
final/es/tablet-10/editor.png,es,tablet-10,3840,2160,5223609,c6c6a3f51890f8c46636911eabd6c11767f5dac3ddb5d743c77793fe28a016a1,AUTHENTIC_PRODUCTION_COMPOSABLE_CAPTURE,PASS,PASS
final/es/tablet-10/history.png,es,tablet-10,3840,2160,906813,4efc88770ab94b83d30cea92887a4c8753709516e7fa6cb3532d5ee25259b630,AUTHENTIC_PRODUCTION_COMPOSABLE_CAPTURE,PASS,PASS
final/es/tablet-10/home.png,es,tablet-10,3840,2160,907027,6a40a26810158dfacfe567adbc9e180b9c09755a21d44dae49af1ef8de6e8de2,AUTHENTIC_PRODUCTION_COMPOSABLE_CAPTURE,PASS,PASS
final/es/tablet-10/result-stats.png,es,tablet-10,3840,2160,650921,c03357f683055983c646dbed9a6d9618b4de140a1b59111d7266cc083abcadb6,AUTHENTIC_PRODUCTION_COMPOSABLE_CAPTURE,PASS,PASS
final/es/tablet-10/result.png,es,tablet-10,3840,2160,6388491,bbbfcf091f5f44139cbe8fa08a72594a441553e957a2e58075a639dca2dd10ed,AUTHENTIC_PRODUCTION_COMPOSABLE_CAPTURE,PASS,PASS
final/es/tablet-10/settings.png,es,tablet-10,3840,2160,477464,24242835c137e6cfa11108da2e411945a5639bf2a31a9ae3a5afb678ee2d7e43,AUTHENTIC_PRODUCTION_COMPOSABLE_CAPTURE,PASS,PASS
final/es/chromebook/background.png,es,chromebook,3840,2160,5018390,09a8acec27f7b8e08044b4100931cd8b67ff2bd13f195bc1efd2eba44eb93bf9,AUTHENTIC_PRODUCTION_COMPOSABLE_CAPTURE,PASS,PASS
final/es/chromebook/batch.png,es,chromebook,3840,2160,314170,673ac7b3cb82d0647b3066d38f23fb96f42c311605322d36da956e4289dd437b,AUTHENTIC_PRODUCTION_COMPOSABLE_CAPTURE,PASS,PASS
final/es/chromebook/editor.png,es,chromebook,3840,2160,5612726,4c3b5588c3b90ddf7fe4bcf8f8d798c0625244a92a8aea9bd5017e03c6ed6bdd,AUTHENTIC_PRODUCTION_COMPOSABLE_CAPTURE,PASS,PASS
final/es/chromebook/history.png,es,chromebook,3840,2160,586023,e08baef51fda15cffbf6438dec6d3fd099b88c1c81cd2be0ed9dddbb1db6bb6a,AUTHENTIC_PRODUCTION_COMPOSABLE_CAPTURE,PASS,PASS
final/es/chromebook/home.png,es,chromebook,3840,2160,585769,d25711d9b1bbc8ad1585b2dc6090a92a93590b7b09ccfde008d0c773675d8bec,AUTHENTIC_PRODUCTION_COMPOSABLE_CAPTURE,PASS,PASS
final/es/chromebook/result-stats.png,es,chromebook,3840,2160,612676,6fa36e9eedf4919753a81245d6e676965299845fa951afbe5c57f6d44ac44c99,AUTHENTIC_PRODUCTION_COMPOSABLE_CAPTURE,PASS,PASS
final/es/chromebook/result.png,es,chromebook,3840,2160,7046284,064ab1fd65a69c1f049bba9a49a90c54102390c4b280f718e4e78ab2a81603b8,AUTHENTIC_PRODUCTION_COMPOSABLE_CAPTURE,PASS,PASS
final/es/chromebook/settings.png,es,chromebook,3840,2160,413757,6ed3835c7a4ef45d5962fc4de4d2f7ca4f5e55c45040b62d912110fb42a6306e,AUTHENTIC_PRODUCTION_COMPOSABLE_CAPTURE,PASS,PASS
final/pt-PT/feature-graphic/feature-graphic-1024x500.png,pt-PT,feature-graphic,1024,500,435726,07f217844cda39b032e4491b07a3f84cd594a603d3d90fcfdf7b88af099d442f,REGISTERED_REAL_BEFORE_AFTER_AND_LOCALIZED_UI,NOT_APPLICABLE_REGISTERED_INPUTS,PASS
final/pt-PT/all-features-3840x2160.png,pt-PT,common-sheet,3840,2160,4115301,af97c5c1af978ef641eb4574967863971cf43c29f06c2cc992c87b2e67c68b9d,LOCALIZED_ALL_FEATURES_OVERVIEW_FROM_AUTHENTIC_CAPTURES,PASS,PASS
final/pt-PT/phone/background.png,pt-PT,phone,2160,3840,4300260,58001d10a0d2034c6271838230c7d3e07c451e1b614155e6471bacfb390fff34,AUTHENTIC_PRODUCTION_COMPOSABLE_CAPTURE,PASS,PASS
final/pt-PT/phone/batch.png,pt-PT,phone,2160,3840,449301,46ae6fdd5f44c6c33b9e8b27c63d6823a040101314f0e3c1eb63144d67c45bdf,AUTHENTIC_PRODUCTION_COMPOSABLE_CAPTURE,PASS,PASS
final/pt-PT/phone/editor.png,pt-PT,phone,2160,3840,7025562,051acb384d3d648efd98aa56b0ccff9877df8b346b0e9fc618a4b93e3a991e49,AUTHENTIC_PRODUCTION_COMPOSABLE_CAPTURE,PASS,PASS
final/pt-PT/phone/history.png,pt-PT,phone,2160,3840,1917572,deef465507877be6687834fa3c229778642608782278f0d0229e5f8d974e2093,AUTHENTIC_PRODUCTION_COMPOSABLE_CAPTURE,PASS,PASS
final/pt-PT/phone/home.png,pt-PT,phone,2160,3840,1802190,fea99f4f1314d59ef1b1843f3d93c1b3129336c47b16a0784688b057812d9f0f,AUTHENTIC_PRODUCTION_COMPOSABLE_CAPTURE,PASS,PASS
final/pt-PT/phone/result-stats.png,pt-PT,phone,2160,3840,1018759,029e77c95308ece532c2f09a0829698dc401a494b40ae04b97e5eb22a7045f31,AUTHENTIC_PRODUCTION_COMPOSABLE_CAPTURE,PASS,PASS
final/pt-PT/phone/result.png,pt-PT,phone,2160,3840,5216609,e5191522bc4e63028718f80147068910d0b6487e1d8cfdf896eb9ebeb9a8d200,AUTHENTIC_PRODUCTION_COMPOSABLE_CAPTURE,PASS,PASS
final/pt-PT/phone/settings.png,pt-PT,phone,2160,3840,594365,ce778d70df7592c10255efa2122b920ff0dcb255809986a8b30203bb3a78a7ef,AUTHENTIC_PRODUCTION_COMPOSABLE_CAPTURE,PASS,PASS
final/pt-PT/tablet-7/background.png,pt-PT,tablet-7,3840,2160,4338577,d4122eac8c59f10013dba8ebd0f0986fbbd840763e1e239f3afdf4e58633668e,AUTHENTIC_PRODUCTION_COMPOSABLE_CAPTURE,PASS,PASS
final/pt-PT/tablet-7/batch.png,pt-PT,tablet-7,3840,2160,383224,694975ad98edb02ebfb932d24dd3e46f8c493400cfa93aa268af54459ac3f14d,AUTHENTIC_PRODUCTION_COMPOSABLE_CAPTURE,PASS,PASS
final/pt-PT/tablet-7/editor.png,pt-PT,tablet-7,3840,2160,4988303,8b28f7037ff755ac2d99b4a7db533bfcf568a067541436852c82ffa4b0365309,AUTHENTIC_PRODUCTION_COMPOSABLE_CAPTURE,PASS,PASS
final/pt-PT/tablet-7/history.png,pt-PT,tablet-7,3840,2160,1136567,35ce1e989af9e099919e718f071b992a41e0a6633e8bfdad315941bf6c594c1f,AUTHENTIC_PRODUCTION_COMPOSABLE_CAPTURE,PASS,PASS
final/pt-PT/tablet-7/home.png,pt-PT,tablet-7,3840,2160,892912,5e502924faafe9d733aa6e23009ef95e707e0981ea09975461942948e2737e21,AUTHENTIC_PRODUCTION_COMPOSABLE_CAPTURE,PASS,PASS
final/pt-PT/tablet-7/result-stats.png,pt-PT,tablet-7,3840,2160,795702,60b3ab5a88083b27d08929e3b16162a6d23a9f8ae439ed733a53265df6c8f64b,AUTHENTIC_PRODUCTION_COMPOSABLE_CAPTURE,PASS,PASS
final/pt-PT/tablet-7/result.png,pt-PT,tablet-7,3840,2160,5978230,5be034940d8596a3f4e0fb1c53b1366fe0150d1bdc9d617aeb462664a56b5d6f,AUTHENTIC_PRODUCTION_COMPOSABLE_CAPTURE,PASS,PASS
final/pt-PT/tablet-7/settings.png,pt-PT,tablet-7,3840,2160,443121,2bc54ee245110f081ffe1cc110814b91e289379a89522d0488f0498f9ba215b7,AUTHENTIC_PRODUCTION_COMPOSABLE_CAPTURE,PASS,PASS
final/pt-PT/tablet-10/background.png,pt-PT,tablet-10,3840,2160,4588728,d6ee998e69a9f575be7276568137fd03b342da65ea4b5a8f9d0cb0aa11994125,AUTHENTIC_PRODUCTION_COMPOSABLE_CAPTURE,PASS,PASS
final/pt-PT/tablet-10/batch.png,pt-PT,tablet-10,3840,2160,361396,0a4f11fda36861c87b2599d274a06496974cfd118d87cd633453cb644df893ca,AUTHENTIC_PRODUCTION_COMPOSABLE_CAPTURE,PASS,PASS
final/pt-PT/tablet-10/editor.png,pt-PT,tablet-10,3840,2160,5220381,f09482d877304a75a149c4017e7943015c04cf924f581429c9cad4a5f8c2d176,AUTHENTIC_PRODUCTION_COMPOSABLE_CAPTURE,PASS,PASS
final/pt-PT/tablet-10/history.png,pt-PT,tablet-10,3840,2160,909005,de66bd8c6024911138d55fcd12af0513a079ce3abfe0bb33e1acd2ec1343228a,AUTHENTIC_PRODUCTION_COMPOSABLE_CAPTURE,PASS,PASS
final/pt-PT/tablet-10/home.png,pt-PT,tablet-10,3840,2160,904221,ead3131eb85da48f3059d71a3aaab13d5df7df7538db16543ea40d795c324ebb,AUTHENTIC_PRODUCTION_COMPOSABLE_CAPTURE,PASS,PASS
final/pt-PT/tablet-10/result-stats.png,pt-PT,tablet-10,3840,2160,452487,001eba14eb29ddecdc69ab569a96d264807fb823c2aa6de9686bf9dac12fd571,AUTHENTIC_PRODUCTION_COMPOSABLE_CAPTURE,PASS,PASS
final/pt-PT/tablet-10/result.png,pt-PT,tablet-10,3840,2160,6389482,3240d89711b8c56e9783d8fb1e330c2d630190391f5c701024093ecddd67385d,AUTHENTIC_PRODUCTION_COMPOSABLE_CAPTURE,PASS,PASS
final/pt-PT/tablet-10/settings.png,pt-PT,tablet-10,3840,2160,478081,cd10da280f3d3839bad41be89540b72a9bf5f291e5b5b2f1a809fb90aedba87e,AUTHENTIC_PRODUCTION_COMPOSABLE_CAPTURE,PASS,PASS
final/pt-PT/chromebook/background.png,pt-PT,chromebook,3840,2160,5019638,da687655b09f14c74daa0eff15ec416017a9ae6a90a5c10543d9919b6d9fe6b2,AUTHENTIC_PRODUCTION_COMPOSABLE_CAPTURE,PASS,PASS
final/pt-PT/chromebook/batch.png,pt-PT,chromebook,3840,2160,319238,1572b26b86ce2569fc37f665366c17fe7b61032ab5ba027e758d6cbe4fcaf4dc,AUTHENTIC_PRODUCTION_COMPOSABLE_CAPTURE,PASS,PASS
final/pt-PT/chromebook/editor.png,pt-PT,chromebook,3840,2160,5611829,f75f64cfc0ef6cbf0e63ebc07b24e05c3b932fd8d530efcf4713fc29427b79fb,AUTHENTIC_PRODUCTION_COMPOSABLE_CAPTURE,PASS,PASS
final/pt-PT/chromebook/history.png,pt-PT,chromebook,3840,2160,587277,0eadb6cf43cbb86ab4def25ac04cc981407e40cd18f18261adfd4685f2de82a1,AUTHENTIC_PRODUCTION_COMPOSABLE_CAPTURE,PASS,PASS
final/pt-PT/chromebook/home.png,pt-PT,chromebook,3840,2160,583959,0884a6dd555f3d28e22d1b3c25a63632e5ae1c52c77776137b96863dbc88fbaf,AUTHENTIC_PRODUCTION_COMPOSABLE_CAPTURE,PASS,PASS
final/pt-PT/chromebook/result-stats.png,pt-PT,chromebook,3840,2160,608888,f5a631b0b4b742196b73d21b49d477dfe6049bb7c116200ca7d9e9b9d8eb51f0,AUTHENTIC_PRODUCTION_COMPOSABLE_CAPTURE,PASS,PASS
final/pt-PT/chromebook/result.png,pt-PT,chromebook,3840,2160,7047044,5e8b947cdbc1aeb89c39abf2793026f877d57c473a94eec3f31595380ab1edb9,AUTHENTIC_PRODUCTION_COMPOSABLE_CAPTURE,PASS,PASS
final/pt-PT/chromebook/settings.png,pt-PT,chromebook,3840,2160,414115,8781884deabf290431f1921e9750f9c48ace7be80828d0d19816007e3fcb2cfa,AUTHENTIC_PRODUCTION_COMPOSABLE_CAPTURE,PASS,PASS
final/pt-BR/feature-graphic/feature-graphic-1024x500.png,pt-BR,feature-graphic,1024,500,443869,3c5a557015bca348b6b5c8509ddb523bd2cad1ea866acae87dcd29a9be79eeaa,REGISTERED_REAL_BEFORE_AFTER_AND_LOCALIZED_UI,NOT_APPLICABLE_REGISTERED_INPUTS,PASS
final/pt-BR/all-features-3840x2160.png,pt-BR,common-sheet,3840,2160,4131271,1468ab919850de0c7cc6b1c87311b1cf1c84a171223ede899c9971d01e4b0562,LOCALIZED_ALL_FEATURES_OVERVIEW_FROM_AUTHENTIC_CAPTURES,PASS,PASS
final/pt-BR/phone/background.png,pt-BR,phone,2160,3840,4292582,b1445950cc7cd3fb786cc0c7d01aaef24081e942155f3442ad5fb592ed236261,AUTHENTIC_PRODUCTION_COMPOSABLE_CAPTURE,PASS,PASS
final/pt-BR/phone/batch.png,pt-BR,phone,2160,3840,447904,5f82e1f674863e1b9abce94ae33dce1377798713da15d11b02df45b26e03db22,AUTHENTIC_PRODUCTION_COMPOSABLE_CAPTURE,PASS,PASS
final/pt-BR/phone/editor.png,pt-BR,phone,2160,3840,7025992,a41841fd03b7e1acf4ddee0619952b66c25c960fca3f7a9335e1385bf3c98f14,AUTHENTIC_PRODUCTION_COMPOSABLE_CAPTURE,PASS,PASS
final/pt-BR/phone/history.png,pt-BR,phone,2160,3840,1942657,18b319616128a2cec8b1a0b17b2cb5c599493793b582c58b2295fd10e3fa536d,AUTHENTIC_PRODUCTION_COMPOSABLE_CAPTURE,PASS,PASS
final/pt-BR/phone/home.png,pt-BR,phone,2160,3840,1800873,2a2b034493dc553e749d3284893932965feb9d3ac2e51b5f64676a82bb26fe7b,AUTHENTIC_PRODUCTION_COMPOSABLE_CAPTURE,PASS,PASS
final/pt-BR/phone/result-stats.png,pt-BR,phone,2160,3840,1507555,28cdf7dba3ab7d8937b6fe5f68d29444ebdbf49f1e147a6c892d1d0200ae1cdc,AUTHENTIC_PRODUCTION_COMPOSABLE_CAPTURE,PASS,PASS
final/pt-BR/phone/result.png,pt-BR,phone,2160,3840,5215429,5cb99d31fa4354777e8384b31a507d67b05aecaf9bc01ca23d796483af4fbdf4,AUTHENTIC_PRODUCTION_COMPOSABLE_CAPTURE,PASS,PASS
final/pt-BR/phone/settings.png,pt-BR,phone,2160,3840,598325,36884e875a4ebb81272901376adb891cde832c18351d3f8ebbcdaf7f0ab6a04c,AUTHENTIC_PRODUCTION_COMPOSABLE_CAPTURE,PASS,PASS
final/pt-BR/tablet-7/background.png,pt-BR,tablet-7,3840,2160,4333391,de26edd916f31b35d0539c2eae715b3adbcf7d207258221729edd15ff705f483,AUTHENTIC_PRODUCTION_COMPOSABLE_CAPTURE,PASS,PASS
final/pt-BR/tablet-7/batch.png,pt-BR,tablet-7,3840,2160,383042,7c1ff72cb9593630552ecceabe1ae627122053afd8185155ca04e699b84254bf,AUTHENTIC_PRODUCTION_COMPOSABLE_CAPTURE,PASS,PASS
final/pt-BR/tablet-7/editor.png,pt-BR,tablet-7,3840,2160,4985568,ccd2c5d5d23f2f1ff613a5cbb01bd38c5dbc6a3003f85ae3bceab5176a29aad7,AUTHENTIC_PRODUCTION_COMPOSABLE_CAPTURE,PASS,PASS
final/pt-BR/tablet-7/history.png,pt-BR,tablet-7,3840,2160,1151899,beb36faeab3a60ba28caeed0be460e9fe4100bd596e45e80f6a046666a001f17,AUTHENTIC_PRODUCTION_COMPOSABLE_CAPTURE,PASS,PASS
final/pt-BR/tablet-7/home.png,pt-BR,tablet-7,3840,2160,889534,417cb3c3809c36a79874b8bd25467449cb846575361c785986c46df758a51ad8,AUTHENTIC_PRODUCTION_COMPOSABLE_CAPTURE,PASS,PASS
final/pt-BR/tablet-7/result-stats.png,pt-BR,tablet-7,3840,2160,675917,2261d1c9d294c8f0ec27b43ecea4fa7e0ce90bcf8a08f13a260447e1ba8ffd43,AUTHENTIC_PRODUCTION_COMPOSABLE_CAPTURE,PASS,PASS
final/pt-BR/tablet-7/result.png,pt-BR,tablet-7,3840,2160,5978059,b3211ac3c6fb495693a43b9ffda8cca60aebc69e9299876b5efa8e12abe8fcb6,AUTHENTIC_PRODUCTION_COMPOSABLE_CAPTURE,PASS,PASS
final/pt-BR/tablet-7/settings.png,pt-BR,tablet-7,3840,2160,445345,a533e237de3758a1075891640ea78f79127c977a3685d0c8da639f2eeddf1c7a,AUTHENTIC_PRODUCTION_COMPOSABLE_CAPTURE,PASS,PASS
final/pt-BR/tablet-10/background.png,pt-BR,tablet-10,3840,2160,4584013,592ec49cd43ec5bd259577a3e7ad7b75fcdb88524f1d78d9e36b7d0c0f400078,AUTHENTIC_PRODUCTION_COMPOSABLE_CAPTURE,PASS,PASS
final/pt-BR/tablet-10/batch.png,pt-BR,tablet-10,3840,2160,361056,4c5defe5b475c0b702a6e177c5f4c00c81df1b7189a7422a4fdbee15fb24eb88,AUTHENTIC_PRODUCTION_COMPOSABLE_CAPTURE,PASS,PASS
final/pt-BR/tablet-10/editor.png,pt-BR,tablet-10,3840,2160,5218288,d264d976016013cb0a06e0e33df0bf80aac791c3a99b570ad9001b96674b2e17,AUTHENTIC_PRODUCTION_COMPOSABLE_CAPTURE,PASS,PASS
final/pt-BR/tablet-10/history.png,pt-BR,tablet-10,3840,2160,920449,fed5a54a9fcdd58c86294fd515561f0ce4b1866fb480c0f4085dfb4008d6adae,AUTHENTIC_PRODUCTION_COMPOSABLE_CAPTURE,PASS,PASS
final/pt-BR/tablet-10/home.png,pt-BR,tablet-10,3840,2160,901549,d501a4f49c152463e9ec3591a5747734a6e820c2662a26d04d9563a18a278139,AUTHENTIC_PRODUCTION_COMPOSABLE_CAPTURE,PASS,PASS
final/pt-BR/tablet-10/result-stats.png,pt-BR,tablet-10,3840,2160,461828,87692bd8f2e5ee6d25ce326f1458b0415e1796c670979e1aa90f02fab403a617,AUTHENTIC_PRODUCTION_COMPOSABLE_CAPTURE,PASS,PASS
final/pt-BR/tablet-10/result.png,pt-BR,tablet-10,3840,2160,6389251,5d930b535d91591d70fafc5f04dc311f0a3a39b56b33bc3f5c7ec76e3502326b,AUTHENTIC_PRODUCTION_COMPOSABLE_CAPTURE,PASS,PASS
final/pt-BR/tablet-10/settings.png,pt-BR,tablet-10,3840,2160,478432,e880da52e273af20159ee09c84086c443abe9c4de24acf3982605a5d6c7b5e1c,AUTHENTIC_PRODUCTION_COMPOSABLE_CAPTURE,PASS,PASS
final/pt-BR/chromebook/background.png,pt-BR,chromebook,3840,2160,5016594,3b060421a9bcca330889365e277e80bf073c4eb280eaee5c4aa78f4ddc3bdc18,AUTHENTIC_PRODUCTION_COMPOSABLE_CAPTURE,PASS,PASS
final/pt-BR/chromebook/batch.png,pt-BR,chromebook,3840,2160,318887,a4c37192884b896ad45812eadab2ded7d075e29d8b86f3b4bdceeaddb4246d55,AUTHENTIC_PRODUCTION_COMPOSABLE_CAPTURE,PASS,PASS
final/pt-BR/chromebook/editor.png,pt-BR,chromebook,3840,2160,5610498,4f70209d13fb81dea81ec8b5ba5868aabd8c0a205792289d011c50d3c978192e,AUTHENTIC_PRODUCTION_COMPOSABLE_CAPTURE,PASS,PASS
final/pt-BR/chromebook/history.png,pt-BR,chromebook,3840,2160,594323,0cfac3acc87acdfb1704e8a7c3141130e60d65b27f5064cd5704c09e8964147b,AUTHENTIC_PRODUCTION_COMPOSABLE_CAPTURE,PASS,PASS
final/pt-BR/chromebook/home.png,pt-BR,chromebook,3840,2160,582669,dfb39b2f67980917c35e05ec74655c03dba907db2c54158ad9c64b03573fb195,AUTHENTIC_PRODUCTION_COMPOSABLE_CAPTURE,PASS,PASS
final/pt-BR/chromebook/result-stats.png,pt-BR,chromebook,3840,2160,616876,07ddacaca7fc40e932e14b89f3d4e2f5cabb5770d7b69413411376b2c30519c0,AUTHENTIC_PRODUCTION_COMPOSABLE_CAPTURE,PASS,PASS
final/pt-BR/chromebook/result.png,pt-BR,chromebook,3840,2160,7046741,71fac56b4dc21575463adc2e74dfe3d1b7c7af2b5bb738eb858e8a2fa643f2dc,AUTHENTIC_PRODUCTION_COMPOSABLE_CAPTURE,PASS,PASS
final/pt-BR/chromebook/settings.png,pt-BR,chromebook,3840,2160,413194,644a29e859d3de315b0ce4a00df8fbe0fe95a1e2afae91d4f233f34e0949357a,AUTHENTIC_PRODUCTION_COMPOSABLE_CAPTURE,PASS,PASS
final/it/feature-graphic/feature-graphic-1024x500.png,it,feature-graphic,1024,500,432556,c3b4278de10a49a5a57a3303d256f9032866551a9764f35f346756100f299b9f,REGISTERED_REAL_BEFORE_AFTER_AND_LOCALIZED_UI,NOT_APPLICABLE_REGISTERED_INPUTS,PASS
final/it/all-features-3840x2160.png,it,common-sheet,3840,2160,4108120,5de052e13069f90cb74041e051040c840458a93c01899c6a2647156baa499f8b,LOCALIZED_ALL_FEATURES_OVERVIEW_FROM_AUTHENTIC_CAPTURES,PASS,PASS
final/it/phone/background.png,it,phone,2160,3840,4294817,06a5e939afff7ac6f394008877e116abde5b3350cd1eb2179356a734658cd45a,AUTHENTIC_PRODUCTION_COMPOSABLE_CAPTURE,PASS,PASS
final/it/phone/batch.png,it,phone,2160,3840,432014,1bb37a45b60877f8e36759e517bcec0180ffc4e102ea429863b6ec28c262c736,AUTHENTIC_PRODUCTION_COMPOSABLE_CAPTURE,PASS,PASS
final/it/phone/editor.png,it,phone,2160,3840,7024658,7808c1dccbda8d704fbebbd370e01f33af22c8b0503af760ef9bc94f677532ec,AUTHENTIC_PRODUCTION_COMPOSABLE_CAPTURE,PASS,PASS
final/it/phone/history.png,it,phone,2160,3840,1928368,cc2346fe253c865210ac5314b0f981bda807303ea299cf411544d86a8a676e32,AUTHENTIC_PRODUCTION_COMPOSABLE_CAPTURE,PASS,PASS
final/it/phone/home.png,it,phone,2160,3840,1794461,f1ac73f36baa84ea6c5641ce3bf452e84ac374e0d6640378fbb3a19e6fe701ec,AUTHENTIC_PRODUCTION_COMPOSABLE_CAPTURE,PASS,PASS
final/it/phone/result-stats.png,it,phone,2160,3840,1013005,4923427dca2a0dd7e92fdf38fb535bb152cc0fb37f20bd82f1e5bddfe1f5955b,AUTHENTIC_PRODUCTION_COMPOSABLE_CAPTURE,PASS,PASS
final/it/phone/result.png,it,phone,2160,3840,5209481,fe2ef2703053d6a2d6cdb3bff48c163e304ed8963ce6a9471cfff597993218d4,AUTHENTIC_PRODUCTION_COMPOSABLE_CAPTURE,PASS,PASS
final/it/phone/settings.png,it,phone,2160,3840,577011,45bd96e7b056f7bb253cc7b923a5ffecb4fe694677e15cb3a6515ade2d6e4687,AUTHENTIC_PRODUCTION_COMPOSABLE_CAPTURE,PASS,PASS
final/it/tablet-7/background.png,it,tablet-7,3840,2160,4337163,6275da198aa45746ff8b8c88f5d34ecd818d81b264b08d01c2a1ca86650131f2,AUTHENTIC_PRODUCTION_COMPOSABLE_CAPTURE,PASS,PASS
final/it/tablet-7/batch.png,it,tablet-7,3840,2160,371145,6096d2a4e2ae34da0212adb55d0b7ea02b8ca53f5cbfa8c97760da8d6651d562,AUTHENTIC_PRODUCTION_COMPOSABLE_CAPTURE,PASS,PASS
final/it/tablet-7/editor.png,it,tablet-7,3840,2160,4985627,8f4202148015357a070fa4f3a0b5d9602f260640498f1985ba57f444a5f93ff5,AUTHENTIC_PRODUCTION_COMPOSABLE_CAPTURE,PASS,PASS
final/it/tablet-7/history.png,it,tablet-7,3840,2160,1144103,456f268f209401e30574fc34158e0ab6ca6baa850d3909bd3734fe35a287ac23,AUTHENTIC_PRODUCTION_COMPOSABLE_CAPTURE,PASS,PASS
final/it/tablet-7/home.png,it,tablet-7,3840,2160,886367,24689e1ae86068ca9f00a93d41a2fadf9dac33a6826a4c0434f42945aae8855d,AUTHENTIC_PRODUCTION_COMPOSABLE_CAPTURE,PASS,PASS
final/it/tablet-7/result-stats.png,it,tablet-7,3840,2160,912287,7e070c47c6c3fc7c92d67876be75ed11616e3e160583569e7d36d73683071ed2,AUTHENTIC_PRODUCTION_COMPOSABLE_CAPTURE,PASS,PASS
final/it/tablet-7/result.png,it,tablet-7,3840,2160,5973781,9d044573e618505503036454842ef1fc4a506244e64270ecd9582ae0fcd65ab4,AUTHENTIC_PRODUCTION_COMPOSABLE_CAPTURE,PASS,PASS
final/it/tablet-7/settings.png,it,tablet-7,3840,2160,435120,436750a77087b1e6ed06d2637914ee1f04c165c51c09e2d65cee8b738a585793,AUTHENTIC_PRODUCTION_COMPOSABLE_CAPTURE,PASS,PASS
final/it/tablet-10/background.png,it,tablet-10,3840,2160,4587290,df653eff2ea330ddc11a01bbd834937865497dcc4316650ce7092b8e653e713f,AUTHENTIC_PRODUCTION_COMPOSABLE_CAPTURE,PASS,PASS
final/it/tablet-10/batch.png,it,tablet-10,3840,2160,351618,d571f486bcf6737eeea600cdfefc4380b5273a4656d5b4358f928ea4c768692a,AUTHENTIC_PRODUCTION_COMPOSABLE_CAPTURE,PASS,PASS
final/it/tablet-10/editor.png,it,tablet-10,3840,2160,5218549,9196193abbdcd38432099697ef9bf020c2c1f0d7fa849ec1e2ad7c7383079c50,AUTHENTIC_PRODUCTION_COMPOSABLE_CAPTURE,PASS,PASS
final/it/tablet-10/history.png,it,tablet-10,3840,2160,914213,571a4ef8ebcb4f700b75785da8903e9d406dd6d24a4082c7cef31b96c045257a,AUTHENTIC_PRODUCTION_COMPOSABLE_CAPTURE,PASS,PASS
final/it/tablet-10/home.png,it,tablet-10,3840,2160,901296,c562e02e9f637083b8f69700034a2fb7b5ea230aef6913d14cb6c020ba0bf61a,AUTHENTIC_PRODUCTION_COMPOSABLE_CAPTURE,PASS,PASS
final/it/tablet-10/result-stats.png,it,tablet-10,3840,2160,600816,d982e70810c8ae1caca96bc197b0ed29499602a9264ccf4ddb9c040d80a7f86e,AUTHENTIC_PRODUCTION_COMPOSABLE_CAPTURE,PASS,PASS
final/it/tablet-10/result.png,it,tablet-10,3840,2160,6386132,325dd1508fcc056c2f354dd977cd31def163c3c12536788d1b4263e2c18e27e6,AUTHENTIC_PRODUCTION_COMPOSABLE_CAPTURE,PASS,PASS
final/it/tablet-10/settings.png,it,tablet-10,3840,2160,467930,c40cec0019fb62f507baea0a0f6c465a99da7da563ee21aa5b15f9cae2a4ba77,AUTHENTIC_PRODUCTION_COMPOSABLE_CAPTURE,PASS,PASS
final/it/chromebook/background.png,it,chromebook,3840,2160,5018848,ad195c19682241c80f7d08878c6c25a9f7e2a316536966757d5ba3116b2ff914,AUTHENTIC_PRODUCTION_COMPOSABLE_CAPTURE,PASS,PASS
final/it/chromebook/batch.png,it,chromebook,3840,2160,313577,3111224f8a04f02ed53f2b9c255c8ac75561bdd9a601169b4f5d78119aa475c4,AUTHENTIC_PRODUCTION_COMPOSABLE_CAPTURE,PASS,PASS
final/it/chromebook/editor.png,it,chromebook,3840,2160,5610727,81da86948a3594c6cb0eaf29e0abbd5ba8c52889bc485ff7000f636797d4815c,AUTHENTIC_PRODUCTION_COMPOSABLE_CAPTURE,PASS,PASS
final/it/chromebook/history.png,it,chromebook,3840,2160,589400,b200d405325ab2eec250b978996c28b2ef495f616881c8fa8eb976d604cfd8ae,AUTHENTIC_PRODUCTION_COMPOSABLE_CAPTURE,PASS,PASS
final/it/chromebook/home.png,it,chromebook,3840,2160,581047,4b127424bc447015a6338158b63fb0c75870e91653a5ebfae02c4183c2ca5b21,AUTHENTIC_PRODUCTION_COMPOSABLE_CAPTURE,PASS,PASS
final/it/chromebook/result-stats.png,it,chromebook,3840,2160,611112,008cb0a4c7edb57617cf2deb8470a473dca44b5ffd0edcc974ea1ce4911a3213,AUTHENTIC_PRODUCTION_COMPOSABLE_CAPTURE,PASS,PASS
final/it/chromebook/result.png,it,chromebook,3840,2160,7044907,8ad73b054525120657a4a9220a03226ec7ba08b787d463e1c71bb53f20071cdb,AUTHENTIC_PRODUCTION_COMPOSABLE_CAPTURE,PASS,PASS
final/it/chromebook/settings.png,it,chromebook,3840,2160,405487,5c626d572a7824766ce5493b0a46eb4dfc6f7346e7fcba72d66f6c0b1b2290b9,AUTHENTIC_PRODUCTION_COMPOSABLE_CAPTURE,PASS,PASS
final/id/feature-graphic/feature-graphic-1024x500.png,id,feature-graphic,1024,500,448780,aa42e0b11c0a9d7746b95cda1e7a6980060e558de9cd84720752f14adf0b4983,REGISTERED_REAL_BEFORE_AFTER_AND_LOCALIZED_UI,NOT_APPLICABLE_REGISTERED_INPUTS,PASS
final/id/all-features-3840x2160.png,id,common-sheet,3840,2160,4098549,b07fb6947ab73f3ec90c72dc216f358d59bca9ea82325acc12d5ae377a652d4b,LOCALIZED_ALL_FEATURES_OVERVIEW_FROM_AUTHENTIC_CAPTURES,PASS,PASS
final/id/phone/background.png,id,phone,2160,3840,4290286,4ac02e8f58cfab1ef0ae105dd2ab3cbfb48a79b27bbd25489ae61351172ee03e,AUTHENTIC_PRODUCTION_COMPOSABLE_CAPTURE,PASS,PASS
final/id/phone/batch.png,id,phone,2160,3840,442313,70cfda356253198817fe3c2f8746b5b420972722b08fe2c3e4d53906ca174056,AUTHENTIC_PRODUCTION_COMPOSABLE_CAPTURE,PASS,PASS
final/id/phone/editor.png,id,phone,2160,3840,7006992,98b6cf31bdfc96415b958262b7c86febe306dae353b006d0caaceabb248b0330,AUTHENTIC_PRODUCTION_COMPOSABLE_CAPTURE,PASS,PASS
final/id/phone/history.png,id,phone,2160,3840,1917053,eda0d787ec56f3a5dd9b572804931ebfbf685d596214bd35a5b436b5246f8c23,AUTHENTIC_PRODUCTION_COMPOSABLE_CAPTURE,PASS,PASS
final/id/phone/home.png,id,phone,2160,3840,1795593,39e9ffdb45593961ae0604073211bd887be4a31fc0b6482d80c641f595774bca,AUTHENTIC_PRODUCTION_COMPOSABLE_CAPTURE,PASS,PASS
final/id/phone/result-stats.png,id,phone,2160,3840,1513455,307a2ccbf2e3e7c7ae637e899273c40dd4cb046ae6f97ba6b6bd570a249e3d68,AUTHENTIC_PRODUCTION_COMPOSABLE_CAPTURE,PASS,PASS
final/id/phone/result.png,id,phone,2160,3840,5194146,ae4bd4e7ae8102d6bb1186cf51e92d6e9a2934b9b63014e1f1687e3d04b46852,AUTHENTIC_PRODUCTION_COMPOSABLE_CAPTURE,PASS,PASS
final/id/phone/settings.png,id,phone,2160,3840,548388,57cdb12f03d213bfa043752a0ed935aecddf0188d7f97bcf988fcb5c0429095d,AUTHENTIC_PRODUCTION_COMPOSABLE_CAPTURE,PASS,PASS
final/id/tablet-7/background.png,id,tablet-7,3840,2160,4336970,d6908884fb68cf805a647279711289ffcf22077e73d62738c8207bd74ef5e67e,AUTHENTIC_PRODUCTION_COMPOSABLE_CAPTURE,PASS,PASS
final/id/tablet-7/batch.png,id,tablet-7,3840,2160,381544,b0d13b6ca6102b55d1fbf1ebb6ac26f2266c32852586d61582a896e8e10f72a3,AUTHENTIC_PRODUCTION_COMPOSABLE_CAPTURE,PASS,PASS
final/id/tablet-7/editor.png,id,tablet-7,3840,2160,4976491,f5b56bc59c5aa532153686553fb1163c1b6d455e8a0ac16ddb07411c6262f216,AUTHENTIC_PRODUCTION_COMPOSABLE_CAPTURE,PASS,PASS
final/id/tablet-7/history.png,id,tablet-7,3840,2160,1140002,eaf776ea24c11b912cce9b25c8c12b26c04f67a1f589cf0b1e826aa2676f76d6,AUTHENTIC_PRODUCTION_COMPOSABLE_CAPTURE,PASS,PASS
final/id/tablet-7/home.png,id,tablet-7,3840,2160,881403,3f2138011e2728a4244e928be64a40976d2e1b57ba491f880d19ddc4fa10306f,AUTHENTIC_PRODUCTION_COMPOSABLE_CAPTURE,PASS,PASS
final/id/tablet-7/result-stats.png,id,tablet-7,3840,2160,655050,35e626dac80dde683ba54ed46cc4551166f4c288d1b00b06279be6bb15547807,AUTHENTIC_PRODUCTION_COMPOSABLE_CAPTURE,PASS,PASS
final/id/tablet-7/result.png,id,tablet-7,3840,2160,5967752,f3d86ed6c66350e98aa45dc5d729f63652fc7bdd4673cb8c158a22f2842d7b67,AUTHENTIC_PRODUCTION_COMPOSABLE_CAPTURE,PASS,PASS
final/id/tablet-7/settings.png,id,tablet-7,3840,2160,423463,1370f55cecdd60285e78354b5683fde873256bb319eb581c20c2ca95992bfbe3,AUTHENTIC_PRODUCTION_COMPOSABLE_CAPTURE,PASS,PASS
final/id/tablet-10/background.png,id,tablet-10,3840,2160,4587132,57215015457f9b03237ab5d6a4e2412243e579e56c254f2b351fef04a99fadfb,AUTHENTIC_PRODUCTION_COMPOSABLE_CAPTURE,PASS,PASS
final/id/tablet-10/batch.png,id,tablet-10,3840,2160,357279,4371af1d7de680c95f9fb1a735b457faf599f5b15e5b34721f575d3ae57b7af4,AUTHENTIC_PRODUCTION_COMPOSABLE_CAPTURE,PASS,PASS
final/id/tablet-10/editor.png,id,tablet-10,3840,2160,5213933,ff9d3edefc46bdfd2e731848526b4194be746f7d8281d0b4fd641573b65b4331,AUTHENTIC_PRODUCTION_COMPOSABLE_CAPTURE,PASS,PASS
final/id/tablet-10/history.png,id,tablet-10,3840,2160,909825,87970022a8d25a0ebdabe98e29dcde1d1ea760d1dac8cddbc71142843bd6a804,AUTHENTIC_PRODUCTION_COMPOSABLE_CAPTURE,PASS,PASS
final/id/tablet-10/home.png,id,tablet-10,3840,2160,895979,612f9f60e4392ce541cf9785354e6338697f3086f7593290ac493c0d232f21ef,AUTHENTIC_PRODUCTION_COMPOSABLE_CAPTURE,PASS,PASS
final/id/tablet-10/result-stats.png,id,tablet-10,3840,2160,436683,3c4ed0fde18045905068543a37c02814b825c9f5cadcf44aba2f4e323bb37808,AUTHENTIC_PRODUCTION_COMPOSABLE_CAPTURE,PASS,PASS
final/id/tablet-10/result.png,id,tablet-10,3840,2160,6380695,107a32260071f769930f745b1d2c3fc430b41c98891bd110e171b11c28ae0ffb,AUTHENTIC_PRODUCTION_COMPOSABLE_CAPTURE,PASS,PASS
final/id/tablet-10/settings.png,id,tablet-10,3840,2160,451295,9f224b4967a79ed8c966d91a9c5d8ce791821f6e5e305c9387307d5162bc971a,AUTHENTIC_PRODUCTION_COMPOSABLE_CAPTURE,PASS,PASS
final/id/chromebook/background.png,id,chromebook,3840,2160,5018998,5e4ab157b61127015a2b59a6a83ab78cb98380f77b58766fa63b4fabebc5486c,AUTHENTIC_PRODUCTION_COMPOSABLE_CAPTURE,PASS,PASS
final/id/chromebook/batch.png,id,chromebook,3840,2160,317516,504c2c9095fa1987e6a3cdd08bd51a751ef4ae407efb57e45cc6ca07899d038b,AUTHENTIC_PRODUCTION_COMPOSABLE_CAPTURE,PASS,PASS
final/id/chromebook/editor.png,id,chromebook,3840,2160,5607304,68d3c810bb56f7c5ebc8057e37943df78622ae9e6388cddf05ee359f9f722073,AUTHENTIC_PRODUCTION_COMPOSABLE_CAPTURE,PASS,PASS
final/id/chromebook/history.png,id,chromebook,3840,2160,587233,c2fe86d3564707c760f3b4cc7f5801f5e948cb5997e707cdfd25b760d3888bae,AUTHENTIC_PRODUCTION_COMPOSABLE_CAPTURE,PASS,PASS
final/id/chromebook/home.png,id,chromebook,3840,2160,578670,45fc6504ed8d16866036a2ee426b116d0274888b8d25f22d7cb1df80bae98473,AUTHENTIC_PRODUCTION_COMPOSABLE_CAPTURE,PASS,PASS
final/id/chromebook/result-stats.png,id,chromebook,3840,2160,601464,b301656ed67a3a94f78799fbd73ce2fe04f1017cd5e085931a4d9225c9dcbfc5,AUTHENTIC_PRODUCTION_COMPOSABLE_CAPTURE,PASS,PASS
final/id/chromebook/result.png,id,chromebook,3840,2160,7038848,bdee039d2f0623638a075b4b70c4dcf14e21f229eba0d68dbe92a287a6efc2e1,AUTHENTIC_PRODUCTION_COMPOSABLE_CAPTURE,PASS,PASS
final/id/chromebook/settings.png,id,chromebook,3840,2160,396862,2601f3648b51beb7b2843d13b497d6faaf0046aed09fe393c6faf52b56d96aac,AUTHENTIC_PRODUCTION_COMPOSABLE_CAPTURE,PASS,PASS
final/ar/feature-graphic/feature-graphic-1024x500.png,ar,feature-graphic,1024,500,424309,4adea40cbc91ce4539fe4b25c820c8b951b05442444d36e75307239f45885d7e,REGISTERED_REAL_BEFORE_AFTER_AND_LOCALIZED_UI,NOT_APPLICABLE_REGISTERED_INPUTS,PASS
final/ar/all-features-3840x2160.png,ar,common-sheet,3840,2160,3892807,8d08bed2343169b4b6972093319bf0ae8ce1a287c7aa39adf426126500a1ee81,LOCALIZED_ALL_FEATURES_OVERVIEW_FROM_AUTHENTIC_CAPTURES,PASS,PASS
final/ar/phone/background.png,ar,phone,2160,3840,4280545,7746f75486611fd6f3364478eda626327a98f33690da2f5a7c652d2db7cff8be,AUTHENTIC_PRODUCTION_COMPOSABLE_CAPTURE,PASS,PASS
final/ar/phone/batch.png,ar,phone,2160,3840,425678,b036df31cace771f2d79f82498075da1a578f326c77810a94d604093203693f2,AUTHENTIC_PRODUCTION_COMPOSABLE_CAPTURE,PASS,PASS
final/ar/phone/editor.png,ar,phone,2160,3840,7025156,d89e45d095d435b754d4d2784d31f3c8e8aed6b9fe85ea9db8e1ef455897a7a8,AUTHENTIC_PRODUCTION_COMPOSABLE_CAPTURE,PASS,PASS
final/ar/phone/history.png,ar,phone,2160,3840,1929106,cd4ca1df933558294a6395a341fc0b94ccf78f5f8ba984c60d7d309b5938cee9,AUTHENTIC_PRODUCTION_COMPOSABLE_CAPTURE,PASS,PASS
final/ar/phone/home.png,ar,phone,2160,3840,1826010,41b006021454eda7619a833fa4c26a99f5d1647267cf469f86348227a22ff6ac,AUTHENTIC_PRODUCTION_COMPOSABLE_CAPTURE,PASS,PASS
final/ar/phone/result-stats.png,ar,phone,2160,3840,1444456,661390f73b2df0f4d859f9b8266cfe6e9d68ada8982e35d3b1dd65ba90cf29ab,AUTHENTIC_PRODUCTION_COMPOSABLE_CAPTURE,PASS,PASS
final/ar/phone/result.png,ar,phone,2160,3840,4932622,053288128bedb98c7f16ef0a1c5c215d928ce0e68e4f95212a53ae51b14d51f9,AUTHENTIC_PRODUCTION_COMPOSABLE_CAPTURE,PASS,PASS
final/ar/phone/settings.png,ar,phone,2160,3840,634980,99ed1eb3feb18d467dbc20c22beadecac5d2f268274b34ac4edd291bd9a872d5,AUTHENTIC_PRODUCTION_COMPOSABLE_CAPTURE,PASS,PASS
final/ar/tablet-7/background.png,ar,tablet-7,3840,2160,4224634,5c040aa98c5e2bee1fb7aee93336b59e72c58881381b4e38a3409adaf630dfc4,AUTHENTIC_PRODUCTION_COMPOSABLE_CAPTURE,PASS,PASS
final/ar/tablet-7/batch.png,ar,tablet-7,3840,2160,366983,2aa8a4d304ac7088d11c5d46123f406dacca5b187525d8ccedef91d529c9066e,AUTHENTIC_PRODUCTION_COMPOSABLE_CAPTURE,PASS,PASS
final/ar/tablet-7/editor.png,ar,tablet-7,3840,2160,4883264,fa32def2fd52f74ce5ec2ef0385dd211b821a5a7e9755c0cf54b6959384b6ee7,AUTHENTIC_PRODUCTION_COMPOSABLE_CAPTURE,PASS,PASS
final/ar/tablet-7/history.png,ar,tablet-7,3840,2160,1140595,c64577bfda7955bd37ab33c1078566424cd06e789507ddfd5da4584a87514226,AUTHENTIC_PRODUCTION_COMPOSABLE_CAPTURE,PASS,PASS
final/ar/tablet-7/home.png,ar,tablet-7,3840,2160,880809,5eba17b2d98aa41499571a7ebc63b625990271f05f34c1b86f07e463f9d28b25,AUTHENTIC_PRODUCTION_COMPOSABLE_CAPTURE,PASS,PASS
final/ar/tablet-7/result-stats.png,ar,tablet-7,3840,2160,655428,a358cb8e99d5d06526b8b4094f7441bd1d7469ff093a1d9ff5f7297d9b01ec35,AUTHENTIC_PRODUCTION_COMPOSABLE_CAPTURE,PASS,PASS
final/ar/tablet-7/result.png,ar,tablet-7,3840,2160,5622749,59ad7bf1638c32e63b2ee5afcc760047ffbf096fae19b805fee7831a3e044746,AUTHENTIC_PRODUCTION_COMPOSABLE_CAPTURE,PASS,PASS
final/ar/tablet-7/settings.png,ar,tablet-7,3840,2160,468681,dadef5d6fa7d2fad2f738571de8f1cb4856469b4d91f0f6a266c6b6a2bfb0b9b,AUTHENTIC_PRODUCTION_COMPOSABLE_CAPTURE,PASS,PASS
final/ar/tablet-10/background.png,ar,tablet-10,3840,2160,4482111,856cf590d250cccae9ca7121797ed4805d2a06afc2300db824f9870ec97c214e,AUTHENTIC_PRODUCTION_COMPOSABLE_CAPTURE,PASS,PASS
final/ar/tablet-10/batch.png,ar,tablet-10,3840,2160,347187,048b7262048551a8693f654093ae8e28ba7ca7eb14c8e5d547c1cd990d4787c2,AUTHENTIC_PRODUCTION_COMPOSABLE_CAPTURE,PASS,PASS
final/ar/tablet-10/editor.png,ar,tablet-10,3840,2160,5125768,adf52b698d4daa9608cf2c8e3f8044c5a64a79fb4e1ffac51503f3b16836eeb7,AUTHENTIC_PRODUCTION_COMPOSABLE_CAPTURE,PASS,PASS
final/ar/tablet-10/history.png,ar,tablet-10,3840,2160,909616,727f44b383b011611c7981ad9365a5f51720afc2f7229a068ae4cf589ed59c60,AUTHENTIC_PRODUCTION_COMPOSABLE_CAPTURE,PASS,PASS
final/ar/tablet-10/home.png,ar,tablet-10,3840,2160,855159,db029d3f5189df7d510ecba919df0b0f45558ab5fac406116a2d32b9c06f9b26,AUTHENTIC_PRODUCTION_COMPOSABLE_CAPTURE,PASS,PASS
final/ar/tablet-10/result-stats.png,ar,tablet-10,3840,2160,554548,49c9120a5f2f77b1da4f924b460771a0aacd9e497046472c997a201809ea78ef,AUTHENTIC_PRODUCTION_COMPOSABLE_CAPTURE,PASS,PASS
final/ar/tablet-10/result.png,ar,tablet-10,3840,2160,6077218,00cb04854d0865516e65f4e7ea1bf3b6f7cdb1af1a4ca86e8ccb7b4f989042a2,AUTHENTIC_PRODUCTION_COMPOSABLE_CAPTURE,PASS,PASS
final/ar/tablet-10/settings.png,ar,tablet-10,3840,2160,514269,7ddb3b1cb7a6ad733b9446a186a2d8f046d4b506ec8ef9c2acba44a296ebf415,AUTHENTIC_PRODUCTION_COMPOSABLE_CAPTURE,PASS,PASS
final/ar/chromebook/background.png,ar,chromebook,3840,2160,4947861,80985576bf5e94fc91581539057c6ae5af6adc0d597fac01fc138d14c5669598,AUTHENTIC_PRODUCTION_COMPOSABLE_CAPTURE,PASS,PASS
final/ar/chromebook/batch.png,ar,chromebook,3840,2160,308572,257009730f65276aef3cc952d28065b129243d9429659675353f8030af69b334,AUTHENTIC_PRODUCTION_COMPOSABLE_CAPTURE,PASS,PASS
final/ar/chromebook/editor.png,ar,chromebook,3840,2160,5549237,620cc32317beaaa05fc5925ca0254f35bec2eedb4d7cdc8bb7cbc03ce7d6c87c,AUTHENTIC_PRODUCTION_COMPOSABLE_CAPTURE,PASS,PASS
final/ar/chromebook/history.png,ar,chromebook,3840,2160,582996,734cc7761febb668fb546cb9690cf00f457989f3db03b3d37e55b8dd77c9e049,AUTHENTIC_PRODUCTION_COMPOSABLE_CAPTURE,PASS,PASS
final/ar/chromebook/home.png,ar,chromebook,3840,2160,575427,e05bfae2ee4bda533ccd93dda10782265a9fd5ee608ae7fb2094df2719a1d6ad,AUTHENTIC_PRODUCTION_COMPOSABLE_CAPTURE,PASS,PASS
final/ar/chromebook/result-stats.png,ar,chromebook,3840,2160,528323,eea80a9fa5037be7bda123d86d1948bdb207f0e6ba3688e986c8395ac95ae1d6,AUTHENTIC_PRODUCTION_COMPOSABLE_CAPTURE,PASS,PASS
final/ar/chromebook/result.png,ar,chromebook,3840,2160,6855340,52dbcd83e87f39fae400aab26e557b74bc388f4a40f46a4c165bfb7fb65dfa06,AUTHENTIC_PRODUCTION_COMPOSABLE_CAPTURE,PASS,PASS
final/ar/chromebook/settings.png,ar,chromebook,3840,2160,437650,70a93a9fc51f7f57e0d77e1f4fc203ecff960242beb6794712104f2d60a830ab,AUTHENTIC_PRODUCTION_COMPOSABLE_CAPTURE,PASS,PASS
final/ko/feature-graphic/feature-graphic-1024x500.png,ko,feature-graphic,1024,500,427741,ab369497bd5d3e4d5fc88ccf6001e710ff65549025f9bec6f12fa0fd964246b6,REGISTERED_REAL_BEFORE_AFTER_AND_LOCALIZED_UI,NOT_APPLICABLE_REGISTERED_INPUTS,PASS
final/ko/all-features-3840x2160.png,ko,common-sheet,3840,2160,4018243,8f4d9111258ee1e8b4b774e707824066a1094bc7b4fea7ae07a45801329d0a7f,LOCALIZED_ALL_FEATURES_OVERVIEW_FROM_AUTHENTIC_CAPTURES,PASS,PASS
final/ko/phone/background.png,ko,phone,2160,3840,4270156,33422af34dbe7292e3dd7296485abfb5de131f8b99cedd09255392f4840b49a8,AUTHENTIC_PRODUCTION_COMPOSABLE_CAPTURE,PASS,PASS
final/ko/phone/batch.png,ko,phone,2160,3840,398033,573f6e651be9dc4beb4f6a8cf112add812f033f271b91aec68a81a481935aec1,AUTHENTIC_PRODUCTION_COMPOSABLE_CAPTURE,PASS,PASS
final/ko/phone/editor.png,ko,phone,2160,3840,6988100,6e7697d4beab49fae49e79224a8b1137cb18d07116d7803bd3a8603af3de2486,AUTHENTIC_PRODUCTION_COMPOSABLE_CAPTURE,PASS,PASS
final/ko/phone/history.png,ko,phone,2160,3840,1876733,03e30c60267db70ce6295ba3f44701a0d6914a3285915df9ee4e004f54714ba5,AUTHENTIC_PRODUCTION_COMPOSABLE_CAPTURE,PASS,PASS
final/ko/phone/home.png,ko,phone,2160,3840,1723519,b54077533b142cb8b4b5f693b55a3594669286ddc22f150927939e992c76bbd7,AUTHENTIC_PRODUCTION_COMPOSABLE_CAPTURE,PASS,PASS
final/ko/phone/result-stats.png,ko,phone,2160,3840,1579872,9d5dbac3054697492a0d2ba41f80e31d2667d34dcc105584b52b3b74289bafef,AUTHENTIC_PRODUCTION_COMPOSABLE_CAPTURE,PASS,PASS
final/ko/phone/result.png,ko,phone,2160,3840,5023648,6431759729f5f1c923fbe37a3c16130aae35fc7e7724dfb83b52fa6650b12017,AUTHENTIC_PRODUCTION_COMPOSABLE_CAPTURE,PASS,PASS
final/ko/phone/settings.png,ko,phone,2160,3840,579526,b1e16d8fff0801f4e0241d613a5bee4780e5fc7bdb888ef420b1987c4478e53e,AUTHENTIC_PRODUCTION_COMPOSABLE_CAPTURE,PASS,PASS
final/ko/tablet-7/background.png,ko,tablet-7,3840,2160,4274172,c47db12c4af11789aa07e6d7f29a90470e3f072c8a6aa112f59888499d720e4c,AUTHENTIC_PRODUCTION_COMPOSABLE_CAPTURE,PASS,PASS
final/ko/tablet-7/batch.png,ko,tablet-7,3840,2160,353945,5e7e24d5e2da65f6eedabeb929127cdd311f8b2deff5de914d670e7a19e4e2f5,AUTHENTIC_PRODUCTION_COMPOSABLE_CAPTURE,PASS,PASS
final/ko/tablet-7/editor.png,ko,tablet-7,3840,2160,4923880,8dd9c833ed10e51a22a84fdcfe15a0da0cd993acfd2353e296046a159d83cc29,AUTHENTIC_PRODUCTION_COMPOSABLE_CAPTURE,PASS,PASS
final/ko/tablet-7/history.png,ko,tablet-7,3840,2160,1119258,542329b368071c7e85ecf1d49a356f48117a0c0e4df8d1e9f422e1dc263e8ab5,AUTHENTIC_PRODUCTION_COMPOSABLE_CAPTURE,PASS,PASS
final/ko/tablet-7/home.png,ko,tablet-7,3840,2160,872522,86bf885e2f0544d762f28eaef1a2842b9d4fa3741f10a89fd93d596b50f402fe,AUTHENTIC_PRODUCTION_COMPOSABLE_CAPTURE,PASS,PASS
final/ko/tablet-7/result-stats.png,ko,tablet-7,3840,2160,840708,a23fe842bbc298975ab52412b1a42993a20ac07b421634b2d5f1568825f4bdbf,AUTHENTIC_PRODUCTION_COMPOSABLE_CAPTURE,PASS,PASS
final/ko/tablet-7/result.png,ko,tablet-7,3840,2160,5774680,f70b0104d11b2292c6ebe7c38812ae6e6bf77d4ab0db78035f8b07d435724ed5,AUTHENTIC_PRODUCTION_COMPOSABLE_CAPTURE,PASS,PASS
final/ko/tablet-7/settings.png,ko,tablet-7,3840,2160,460342,6c2a8ecb8982cee0fc92e1e7ba9d0de3e2fa54807f651cb4ee4127a615c2e769,AUTHENTIC_PRODUCTION_COMPOSABLE_CAPTURE,PASS,PASS
final/ko/tablet-10/background.png,ko,tablet-10,3840,2160,4521848,ff66ee50122e7c2f6c83d9781a555014ddbdd16bafa22be483ef9f3f4e4a4404,AUTHENTIC_PRODUCTION_COMPOSABLE_CAPTURE,PASS,PASS
final/ko/tablet-10/batch.png,ko,tablet-10,3840,2160,335853,7e4eb5829f2ccb3518d4fdd396bb261b1c59ec34d5b873ea1218bacab291b831,AUTHENTIC_PRODUCTION_COMPOSABLE_CAPTURE,PASS,PASS
final/ko/tablet-10/editor.png,ko,tablet-10,3840,2160,5161310,28cdfc8ac0eef56ca4452f38941027a2fdbb8a08434ada8e233f33f9590d976b,AUTHENTIC_PRODUCTION_COMPOSABLE_CAPTURE,PASS,PASS
final/ko/tablet-10/history.png,ko,tablet-10,3840,2160,885175,4b2ddd0e53e2aa1793cb76ca56d5b7639bfb79b5610251ab369d8163c3aa128e,AUTHENTIC_PRODUCTION_COMPOSABLE_CAPTURE,PASS,PASS
final/ko/tablet-10/home.png,ko,tablet-10,3840,2160,892769,6c5db1f0fd9a869d00c3c1b6de98fef340e5536bb154521b6221611007f300b3,AUTHENTIC_PRODUCTION_COMPOSABLE_CAPTURE,PASS,PASS
final/ko/tablet-10/result-stats.png,ko,tablet-10,3840,2160,619369,099a5e00b677ffceef742ad548b9d6cd165ee3f3a48c5bb497b55d3e56f26b5f,AUTHENTIC_PRODUCTION_COMPOSABLE_CAPTURE,PASS,PASS
final/ko/tablet-10/result.png,ko,tablet-10,3840,2160,6210667,ea82388bcba716d8cf6600a7f5bde15713aa6b5197499410996dd2afb11f9d38,AUTHENTIC_PRODUCTION_COMPOSABLE_CAPTURE,PASS,PASS
final/ko/tablet-10/settings.png,ko,tablet-10,3840,2160,526632,df7254d44c0b254cc71bedbcceb3cb4d968a63a9b4c6458d20c7c384c0ecdc86,AUTHENTIC_PRODUCTION_COMPOSABLE_CAPTURE,PASS,PASS
final/ko/chromebook/background.png,ko,chromebook,3840,2160,4978633,fca8388065f64b03b1a7c20930d20dacd13b14f65a24f2254e4cc2a72b5d3810,AUTHENTIC_PRODUCTION_COMPOSABLE_CAPTURE,PASS,PASS
final/ko/chromebook/batch.png,ko,chromebook,3840,2160,304735,0ab0897e3a5e550c172c24dca3d91ec572d87c42eebc1a344b50d95b96b31c8e,AUTHENTIC_PRODUCTION_COMPOSABLE_CAPTURE,PASS,PASS
final/ko/chromebook/editor.png,ko,chromebook,3840,2160,5575017,65a2cc97f91a0329c3d671ebc18ffc2b6b0a7b0f29003403899bf90165edbe8d,AUTHENTIC_PRODUCTION_COMPOSABLE_CAPTURE,PASS,PASS
final/ko/chromebook/history.png,ko,chromebook,3840,2160,574603,794060f2da480a6e79c05663af165a9d4bdec862e88d72ea953c9ac68472af37,AUTHENTIC_PRODUCTION_COMPOSABLE_CAPTURE,PASS,PASS
final/ko/chromebook/home.png,ko,chromebook,3840,2160,579904,89e946ff2177f48570d27cca41bf78cbdeaa9b2c8a3eb623de2265d179fab2de,AUTHENTIC_PRODUCTION_COMPOSABLE_CAPTURE,PASS,PASS
final/ko/chromebook/result-stats.png,ko,chromebook,3840,2160,542945,1e075ec899e595b5abeac8256bd10c7839c2dc21c942b43579e39661831c5317,AUTHENTIC_PRODUCTION_COMPOSABLE_CAPTURE,PASS,PASS
final/ko/chromebook/result.png,ko,chromebook,3840,2160,6938102,b4608b01ce7405e9ca36bc1b8828940ecb82e3493e21368349bf6a2c32f701d6,AUTHENTIC_PRODUCTION_COMPOSABLE_CAPTURE,PASS,PASS
final/ko/chromebook/settings.png,ko,chromebook,3840,2160,471413,6a233611b715ba1dc8012361f91b7ae7ece72b002eb4e8c59190c3d27d58b95e,AUTHENTIC_PRODUCTION_COMPOSABLE_CAPTURE,PASS,PASS
final/ur/feature-graphic/feature-graphic-1024x500.png,ur,feature-graphic,1024,500,429621,2237a1b84c5cdeda02ec40639fb3deb45b6d370500d4d7f8e41c8d933b145096,REGISTERED_REAL_BEFORE_AFTER_AND_LOCALIZED_UI,NOT_APPLICABLE_REGISTERED_INPUTS,PASS
final/ur/all-features-3840x2160.png,ur,common-sheet,3840,2160,3953249,5465d8fba601aaab5bc43c9991d95bf0b5651e3ee45365a6c48adc59471102ed,LOCALIZED_ALL_FEATURES_OVERVIEW_FROM_AUTHENTIC_CAPTURES,PASS,PASS
final/ur/phone/background.png,ur,phone,2160,3840,4285665,2178ba5a079afef24d7aca00dcec425b44db653bf123b8a4992e6ceb577df327,AUTHENTIC_PRODUCTION_COMPOSABLE_CAPTURE,PASS,PASS
final/ur/phone/batch.png,ur,phone,2160,3840,442058,11493286f68ca03f05fdafa6ec5392e4058c68f42e970f93bab53fd972769910,AUTHENTIC_PRODUCTION_COMPOSABLE_CAPTURE,PASS,PASS
final/ur/phone/editor.png,ur,phone,2160,3840,7024615,0ad2fa2bf2323e6de9e3ff31732c35a5ef6920069196364a2f354158cd6119d6,AUTHENTIC_PRODUCTION_COMPOSABLE_CAPTURE,PASS,PASS
final/ur/phone/history.png,ur,phone,2160,3840,1941301,f03f525840ee9ad1c0a1fe9a04608116da8fc2534af3e5320df0d2cb145f82bb,AUTHENTIC_PRODUCTION_COMPOSABLE_CAPTURE,PASS,PASS
final/ur/phone/home.png,ur,phone,2160,3840,983820,9ecb4676267499ab7056965a8890fba443ff471a726d10d647e39cae5f8e50c3,AUTHENTIC_PRODUCTION_COMPOSABLE_CAPTURE,PASS,PASS
final/ur/phone/result-stats.png,ur,phone,2160,3840,1931743,104fe6607504eeaf519056c55429e8aaa61b558daafbfcf073fe6c614e6dece6,AUTHENTIC_PRODUCTION_COMPOSABLE_CAPTURE,PASS,PASS
final/ur/phone/result.png,ur,phone,2160,3840,4936937,235eae73c7f30e6e9250642c92e6524801391856c33d4c08a0eb7ebe2b95310f,AUTHENTIC_PRODUCTION_COMPOSABLE_CAPTURE,PASS,PASS
final/ur/phone/settings.png,ur,phone,2160,3840,625580,e85e0fe85c7977843d004e1aa8525c04a6bdf5ea3b87bcb36a6bb44a0a38cbe9,AUTHENTIC_PRODUCTION_COMPOSABLE_CAPTURE,PASS,PASS
final/ur/tablet-7/background.png,ur,tablet-7,3840,2160,4227422,1ef8fed713ed9bf5238b3080d0621ec9712517ac461a5328418552d3896d5ed0,AUTHENTIC_PRODUCTION_COMPOSABLE_CAPTURE,PASS,PASS
final/ur/tablet-7/batch.png,ur,tablet-7,3840,2160,378284,3c932f70d78024f6bd01e04587ab3b097948e5613830c061c37ac42a0ee67587,AUTHENTIC_PRODUCTION_COMPOSABLE_CAPTURE,PASS,PASS
final/ur/tablet-7/editor.png,ur,tablet-7,3840,2160,4889724,d7091a12cbb7164af13ec671a45db28c20c5b0077dfcc67a07d41620eaab4844,AUTHENTIC_PRODUCTION_COMPOSABLE_CAPTURE,PASS,PASS
final/ur/tablet-7/history.png,ur,tablet-7,3840,2160,1154980,a9a88d9a7843fb4ea703ec9e2aad960d7fa6b390551f1fce30b9fa53f0b1ae50,AUTHENTIC_PRODUCTION_COMPOSABLE_CAPTURE,PASS,PASS
final/ur/tablet-7/home.png,ur,tablet-7,3840,2160,896387,2d3534fa158d73454e66fcb9ca12c5521e53fd5e1b84c04fd4f8fb5a807ace82,AUTHENTIC_PRODUCTION_COMPOSABLE_CAPTURE,PASS,PASS
final/ur/tablet-7/result-stats.png,ur,tablet-7,3840,2160,893405,16cd10c49e3379c3a415f4dad1ae1f1ae228385f201d620baffd90616516000b,AUTHENTIC_PRODUCTION_COMPOSABLE_CAPTURE,PASS,PASS
final/ur/tablet-7/result.png,ur,tablet-7,3840,2160,5622702,1b22db94c745e24dcbcaed3458698855f2b1212fe1aa4008fda63a5c179dd456,AUTHENTIC_PRODUCTION_COMPOSABLE_CAPTURE,PASS,PASS
final/ur/tablet-7/settings.png,ur,tablet-7,3840,2160,462954,6436e82700a88f21619d85e3ee2c13b9e9fbd1db9dc03d585b8027b9c7ecc72c,AUTHENTIC_PRODUCTION_COMPOSABLE_CAPTURE,PASS,PASS
final/ur/tablet-10/background.png,ur,tablet-10,3840,2160,4484290,64650d3efa0662df5fd1c70805d4d091f44a4e836511270c8c88feb668d03c72,AUTHENTIC_PRODUCTION_COMPOSABLE_CAPTURE,PASS,PASS
final/ur/tablet-10/batch.png,ur,tablet-10,3840,2160,356179,3657eb012e098d73173900a4622db467af4dd5d0e150088c38831fa61f665ab5,AUTHENTIC_PRODUCTION_COMPOSABLE_CAPTURE,PASS,PASS
final/ur/tablet-10/editor.png,ur,tablet-10,3840,2160,5132941,60cb663632b79f0e805986f26a63b68406dfd39e0ce8407f540c76fc49b43d28,AUTHENTIC_PRODUCTION_COMPOSABLE_CAPTURE,PASS,PASS
final/ur/tablet-10/history.png,ur,tablet-10,3840,2160,915629,eef558677773f31a3812687d876b66f1a7fe9f504e50b0dd1927a7c96b963948,AUTHENTIC_PRODUCTION_COMPOSABLE_CAPTURE,PASS,PASS
final/ur/tablet-10/home.png,ur,tablet-10,3840,2160,863918,80531ef4dab49c66c49fcd926f3ac31303f330316a87746a3909ecc8a32c1968,AUTHENTIC_PRODUCTION_COMPOSABLE_CAPTURE,PASS,PASS
final/ur/tablet-10/result-stats.png,ur,tablet-10,3840,2160,691925,813315769f154268fc459ab4d5cf3d40aa19124b398f763aff2761d8ed32efd9,AUTHENTIC_PRODUCTION_COMPOSABLE_CAPTURE,PASS,PASS
final/ur/tablet-10/result.png,ur,tablet-10,3840,2160,6077026,102b09ae04f1c3e2ca40afe06736256b5923f712e856b23e2b47741fe4f23db5,AUTHENTIC_PRODUCTION_COMPOSABLE_CAPTURE,PASS,PASS
final/ur/tablet-10/settings.png,ur,tablet-10,3840,2160,511222,851df34ff547aac7dfdbc2a47344b370e8ab782c857f92ecd5fa66794d3806ef,AUTHENTIC_PRODUCTION_COMPOSABLE_CAPTURE,PASS,PASS
final/ur/chromebook/background.png,ur,chromebook,3840,2160,4949051,ab9cb096e263e89ef5e8f06a12bd5970c2a35007a0fab7abc96208b8bf2866b2,AUTHENTIC_PRODUCTION_COMPOSABLE_CAPTURE,PASS,PASS
final/ur/chromebook/batch.png,ur,chromebook,3840,2160,313841,c43cf30f82d5e04b2a7af8744f3e62cd7c2b5b94f96d69c21d94b36f7948b76a,AUTHENTIC_PRODUCTION_COMPOSABLE_CAPTURE,PASS,PASS
final/ur/chromebook/editor.png,ur,chromebook,3840,2160,5551986,c60f55d944c78a8426e8a1942a858864ccfbb44df54e76137d66c435b9aa7e5c,AUTHENTIC_PRODUCTION_COMPOSABLE_CAPTURE,PASS,PASS
final/ur/chromebook/history.png,ur,chromebook,3840,2160,586638,5718640e2c2765ffe16eaf92f660f511fcd40eea150fb30669976267e5d545d9,AUTHENTIC_PRODUCTION_COMPOSABLE_CAPTURE,PASS,PASS
final/ur/chromebook/home.png,ur,chromebook,3840,2160,585097,0f48ab8355db63cb723e6a1ed1ef9b8c6e435ef6d1a4003e61c50476a2d8da10,AUTHENTIC_PRODUCTION_COMPOSABLE_CAPTURE,PASS,PASS
final/ur/chromebook/result-stats.png,ur,chromebook,3840,2160,536101,19f0ab25a45a55e5661978b8b5cbfe7da931e4c79cbaf7786f4b5bb29719a292,AUTHENTIC_PRODUCTION_COMPOSABLE_CAPTURE,PASS,PASS
final/ur/chromebook/result.png,ur,chromebook,3840,2160,6855395,f0afe717421aa1e44d68ef34a76c3c865ad9965d64726fde0956b8d1e19321ea,AUTHENTIC_PRODUCTION_COMPOSABLE_CAPTURE,PASS,PASS
final/ur/chromebook/settings.png,ur,chromebook,3840,2160,432374,d8ede82cc8af24c3125ffd53129295a00ee02e82a8a94fdbe952419b346ca707,AUTHENTIC_PRODUCTION_COMPOSABLE_CAPTURE,PASS,PASS
